-- [01] IMPERIO
INSERT INTO IMPERIO (nome, cor, qtd_planetas_dominados) VALUES ('ROMANO', 'VERMELHO', 4);
INSERT INTO IMPERIO (nome, cor, qtd_planetas_dominados) VALUES ('MONGOL', 'AZUL', 4);


-- [02] PLANETA
INSERT INTO PLANETA (nome, coordenadas, massa, populacao_max, atmosfera, temperatura_kelvin, estruturas_max, gravidade, qtd_agua, fertilidade) VALUES ('TERRA', '-25, 10', 5.972E24, 25E9, 101.3, 287, 200, 9.8, 0.71, 0.1);
INSERT INTO PLANETA (nome, coordenadas, massa, populacao_max, atmosfera, temperatura_kelvin, estruturas_max, gravidade, qtd_agua, fertilidade) VALUES ('ARRAKIS', '-10, -20', 4.5E24, 1E9, 85, 320, 50, 12.3, 0.01, 0.01);
INSERT INTO PLANETA (nome, coordenadas, massa, populacao_max, atmosfera, temperatura_kelvin, estruturas_max, gravidade, qtd_agua, fertilidade) VALUES ('TRANTOR', '10, 10', 7E24, 100E9, 120, 290, 1000, 10.5, 0.05, 0.005);
INSERT INTO PLANETA (nome, coordenadas, massa, populacao_max, atmosfera, temperatura_kelvin, estruturas_max, gravidade, qtd_agua, fertilidade) VALUES ('PANDORA', '-60, -40', 3E24, 500E6, 95, 290, 10, 7.2, 0.85, 0.2);
INSERT INTO PLANETA (nome, coordenadas, massa, populacao_max, atmosfera, temperatura_kelvin, estruturas_max, gravidade, qtd_agua, fertilidade) VALUES ('TATOOINE', '40, 20', 4E24, 200E6, 90, 315, 10, 9.1, 0.05, 0.01);
INSERT INTO PLANETA (nome, coordenadas, massa, populacao_max, atmosfera, temperatura_kelvin, estruturas_max, gravidade, qtd_agua, fertilidade) VALUES ('VULCAN', '0, 20', 5.5E24, 6E9, 105, 300, 50, 9.9, 0.1, 0.05);
INSERT INTO PLANETA (nome, coordenadas, massa, populacao_max, atmosfera, temperatura_kelvin, estruturas_max, gravidade, qtd_agua, fertilidade) VALUES ('KRYPTON', '40, -25', 6E24, 20E9, 130, 250, 800, 22.3, 0.2, 0.15);
INSERT INTO PLANETA (nome, coordenadas, massa, populacao_max, atmosfera, temperatura_kelvin, estruturas_max, gravidade, qtd_agua, fertilidade) VALUES ('VILTRUM', '-50, 50', 5E24, 10E9, 110, 275, 400, 19.7, 0.4, 0.25);


-- [03] ESPECIE
INSERT INTO ESPECIE (nome, conformidade, trabalho, agressividade, gravidade_min, gravidade_max, agua_min, agua_max, atmosfera_min, atmosfera_max, temperatura_min, temperatura_max, volume) VALUES ('HUMANO', 0.600, 0.700, 0.500, 8.5, 11, 0.42, 0.92, 0.8, 1.20, 260, 310, 2.1);
INSERT INTO ESPECIE (nome, conformidade, trabalho, agressividade, gravidade_min, gravidade_max, agua_min, agua_max, atmosfera_min, atmosfera_max, temperatura_min, temperatura_max, volume) VALUES ('FREMEN', 0.420, 0.810, 0.320, 11, 23.5, 0.01, 0.09, 0.2, 1.10, 290, 330, 2.7);
INSERT INTO ESPECIE (nome, conformidade, trabalho, agressividade, gravidade_min, gravidade_max, agua_min, agua_max, atmosfera_min, atmosfera_max, temperatura_min, temperatura_max, volume) VALUES ('SKRULLS', 0.530, 0.650, 0.720, 7, 11, 0.32, 0.81, 0.8, 1.30, 250, 320, 1.5);
INSERT INTO ESPECIE (nome, conformidade, trabalho, agressividade, gravidade_min, gravidade_max, agua_min, agua_max, atmosfera_min, atmosfera_max, temperatura_min, temperatura_max, volume) VALUES ('NAVI', 0.730, 0.540, 0.210, 6, 8.4, 0.71, 0.99, 0.9, 1.30, 280, 310, 3.8);
INSERT INTO ESPECIE (nome, conformidade, trabalho, agressividade, gravidade_min, gravidade_max, agua_min, agua_max, atmosfera_min, atmosfera_max, temperatura_min, temperatura_max, volume) VALUES ('KLINGONS', 0.310, 0.740, 0.890, 8, 10.5, 0.19, 0.66, 0.9, 1.20, 270, 320, 2.7);
INSERT INTO ESPECIE (nome, conformidade, trabalho, agressividade, gravidade_min, gravidade_max, agua_min, agua_max, atmosfera_min, atmosfera_max, temperatura_min, temperatura_max, volume) VALUES ('VULCANS', 0.820, 0.630, 0.090, 9, 10.8, 0.05, 0.35, 0.9, 1.30, 270, 330, 2.1);
INSERT INTO ESPECIE (nome, conformidade, trabalho, agressividade, gravidade_min, gravidade_max, agua_min, agua_max, atmosfera_min, atmosfera_max, temperatura_min, temperatura_max, volume) VALUES ('KRYPTONIANS', 0.610, 0.710, 0.430, 20, 23, 0.11, 0.44, 1, 1.50, 240, 280, 3.9);
INSERT INTO ESPECIE (nome, conformidade, trabalho, agressividade, gravidade_min, gravidade_max, agua_min, agua_max, atmosfera_min, atmosfera_max, temperatura_min, temperatura_max, volume) VALUES ('VILTRUMITA', 0.240, 0.920, 0.850, 18, 21, 0.36, 0.78, 1, 1.40, 270, 320, 4.1);


-- [04] RECURSOS
INSERT INTO RECURSOS (nome, volume) VALUES ('COMIDA', 0.5);
INSERT INTO RECURSOS (nome, volume) VALUES ('MADEIRA', 2);
INSERT INTO RECURSOS (nome, volume) VALUES ('PEDRA', 1);
INSERT INTO RECURSOS (nome, volume) VALUES ('MINERIO', 1);
INSERT INTO RECURSOS (nome, volume) VALUES ('CHIP', 0.1);
INSERT INTO RECURSOS (nome, volume) VALUES ('NAVE', 999999);
INSERT INTO RECURSOS (nome, volume) VALUES ('ARMA', 100);
INSERT INTO RECURSOS (nome, volume) VALUES ('GERADOR', 1000);


-- [05] TECNOLOGIA
-- Inserts for Manufatura
INSERT INTO TECNOLOGIA (nome, nivel, complexidade, eficiencia_produtiva) VALUES ('MANUFATURA', 1, 0.2, 0.07);
INSERT INTO TECNOLOGIA (nome, nivel, complexidade, eficiencia_produtiva) VALUES ('MANUFATURA', 2, 0.4, 0.21);
INSERT INTO TECNOLOGIA (nome, nivel, complexidade, eficiencia_produtiva) VALUES ('MANUFATURA', 3, 0.6, 0.58);
INSERT INTO TECNOLOGIA (nome, nivel, complexidade, eficiencia_produtiva) VALUES ('MANUFATURA', 4, 0.8, 0.83);
INSERT INTO TECNOLOGIA (nome, nivel, complexidade, eficiencia_produtiva) VALUES ('MANUFATURA', 5, 0.99, 0.99);

-- Inserts for Armamento
INSERT INTO TECNOLOGIA (nome, nivel, complexidade, poder_destrutivo) VALUES ('ARMAMENTO', 1, 0.1, 1);
INSERT INTO TECNOLOGIA (nome, nivel, complexidade, poder_destrutivo) VALUES ('ARMAMENTO', 2, 0.20, 2);
INSERT INTO TECNOLOGIA (nome, nivel, complexidade, poder_destrutivo) VALUES ('ARMAMENTO', 3, 0.3, 3);
INSERT INTO TECNOLOGIA (nome, nivel, complexidade, poder_destrutivo) VALUES ('ARMAMENTO', 4, 0.5, 5);
INSERT INTO TECNOLOGIA (nome, nivel, complexidade, poder_destrutivo) VALUES ('ARMAMENTO', 5, 0.8, 8);
INSERT INTO TECNOLOGIA (nome, nivel, complexidade, poder_destrutivo) VALUES ('ARMAMENTO', 6, 0.9, 13);
INSERT INTO TECNOLOGIA (nome, nivel, complexidade, poder_destrutivo) VALUES ('ARMAMENTO', 7, 0.95, 21);
INSERT INTO TECNOLOGIA (nome, nivel, complexidade, poder_destrutivo) VALUES ('ARMAMENTO', 8, 0.99, 34);

-- Inserts for Transporte
INSERT INTO TECNOLOGIA (nome, nivel, complexidade, capacidade_de_transporte, alcance) VALUES ('TRANSPORTE', 1, 0.3, 20000, 5);
INSERT INTO TECNOLOGIA (nome, nivel, complexidade, capacidade_de_transporte, alcance) VALUES ('TRANSPORTE', 2, 0.6, 120000, 25);
INSERT INTO TECNOLOGIA (nome, nivel, complexidade, capacidade_de_transporte, alcance) VALUES ('TRANSPORTE', 3, 0.9, 450000, 150);


-- [06] ESTRUTURA
-- Inserts for Base Militar
INSERT INTO ESTRUTURA (nome, tipo, eficiencia, lotacao_maxima) VALUES ('ESTACAO', 'BASE MILITAR', 0.55, 10000);
INSERT INTO ESTRUTURA (nome, tipo, eficiencia, lotacao_maxima) VALUES ('TIRO DE GUERRA', 'BASE MILITAR', 0.73, 100000);
INSERT INTO ESTRUTURA (nome, tipo, eficiencia, lotacao_maxima) VALUES ('BATALHAO', 'BASE MILITAR', 0.32, 500000);

-- Inserts for Instituicao de Ensino
INSERT INTO ESTRUTURA (nome, tipo, eficiencia, lotacao_maxima) VALUES ('UNIESQUINA', 'INSTITUICAO DE ENSINO', 0.23, 10000);
INSERT INTO ESTRUTURA (nome, tipo, eficiencia, lotacao_maxima) VALUES ('INSTITUTO', 'INSTITUICAO DE ENSINO', 0.52, 20000);
INSERT INTO ESTRUTURA (nome, tipo, eficiencia, lotacao_maxima) VALUES ('UNIVERSIDADE', 'INSTITUICAO DE ENSINO', 0.85, 50000);

-- Inserts for Industria
INSERT INTO ESTRUTURA (nome, tipo, eficiencia, lotacao_maxima) VALUES ('FAZENDA', 'INDUSTRIA', 0.35, 10000);
INSERT INTO ESTRUTURA (nome, tipo, eficiencia, lotacao_maxima) VALUES ('LATIFUNDIO', 'INDUSTRIA', 0.73, 100000);
INSERT INTO ESTRUTURA (nome, tipo, eficiencia, lotacao_maxima) VALUES ('LENHA', 'INDUSTRIA', 0.41, 30000);
INSERT INTO ESTRUTURA (nome, tipo, eficiencia, lotacao_maxima) VALUES ('MADEIREIRA', 'INDUSTRIA', 0.76, 100000);
INSERT INTO ESTRUTURA (nome, tipo, eficiencia, lotacao_maxima) VALUES ('PEDREIRA', 'INDUSTRIA', 0.32, 70000);
INSERT INTO ESTRUTURA (nome, tipo, eficiencia, lotacao_maxima) VALUES ('PEDREIRA TECNOLOGICA', 'INDUSTRIA', 0.82, 9500);
INSERT INTO ESTRUTURA (nome, tipo, eficiencia, lotacao_maxima) VALUES ('GARIMPO', 'INDUSTRIA', 0.52, 58000);
INSERT INTO ESTRUTURA (nome, tipo, eficiencia, lotacao_maxima) VALUES ('MINERADORA', 'INDUSTRIA', 0.81, 10000);
INSERT INTO ESTRUTURA (nome, tipo, eficiencia, lotacao_maxima) VALUES ('FABRICA DE CHIP', 'INDUSTRIA', 0.6, 50000);
INSERT INTO ESTRUTURA (nome, tipo, eficiencia, lotacao_maxima) VALUES ('FABRICA DE CHIP AUTOMATICA', 'INDUSTRIA', 0.92, 8000);
INSERT INTO ESTRUTURA (nome, tipo, eficiencia, lotacao_maxima) VALUES ('FABRICA DE NAVE', 'INDUSTRIA', 0.48, 60000);
INSERT INTO ESTRUTURA (nome, tipo, eficiencia, lotacao_maxima) VALUES ('FABRICA DE NAVE ROBOTIZADA', 'INDUSTRIA', 0.62, 30000);
INSERT INTO ESTRUTURA (nome, tipo, eficiencia, lotacao_maxima) VALUES ('INDUSTRIA DE ARMAS', 'INDUSTRIA', 0.26, 75000);
INSERT INTO ESTRUTURA (nome, tipo, eficiencia, lotacao_maxima) VALUES ('INDUSTRIA DE ARMAS ROBOTIZADA', 'INDUSTRIA', 0.93, 7000);
INSERT INTO ESTRUTURA (nome, tipo, eficiencia, lotacao_maxima) VALUES ('FABRICA DE GERADOR', 'INDUSTRIA', 0.89, 9000);


-- [07] INDUSTRIA
INSERT INTO INDUSTRIA (estrutura, recurso_gerado) VALUES ('FAZENDA', 'COMIDA');
INSERT INTO INDUSTRIA (estrutura, recurso_gerado) VALUES ('LATIFUNDIO', 'COMIDA');
INSERT INTO INDUSTRIA (estrutura, recurso_gerado) VALUES ('LENHA', 'MADEIRA');
INSERT INTO INDUSTRIA (estrutura, recurso_gerado) VALUES ('MADEIREIRA', 'MADEIRA');
INSERT INTO INDUSTRIA (estrutura, recurso_gerado) VALUES ('PEDREIRA', 'PEDRA');
INSERT INTO INDUSTRIA (estrutura, recurso_gerado) VALUES ('PEDREIRA TECNOLOGICA', 'PEDRA');
INSERT INTO INDUSTRIA (estrutura, recurso_gerado) VALUES ('GARIMPO', 'MINERIO');
INSERT INTO INDUSTRIA (estrutura, recurso_gerado) VALUES ('MINERADORA', 'MINERIO');
INSERT INTO INDUSTRIA (estrutura, recurso_gerado) VALUES ('FABRICA DE CHIP', 'CHIP');
INSERT INTO INDUSTRIA (estrutura, recurso_gerado) VALUES ('FABRICA DE CHIP AUTOMATICA', 'CHIP');
INSERT INTO INDUSTRIA (estrutura, recurso_gerado) VALUES ('FABRICA DE NAVE', 'NAVE');
INSERT INTO INDUSTRIA (estrutura, recurso_gerado) VALUES ('FABRICA DE NAVE ROBOTIZADA', 'NAVE');
INSERT INTO INDUSTRIA (estrutura, recurso_gerado) VALUES ('INDUSTRIA DE ARMAS', 'ARMA');
INSERT INTO INDUSTRIA (estrutura, recurso_gerado) VALUES ('INDUSTRIA DE ARMAS ROBOTIZADA', 'ARMA');
INSERT INTO INDUSTRIA (estrutura, recurso_gerado) VALUES ('FABRICA DE GERADOR', 'GERADOR');


-- [08] RECURSO_PARA_ESTRUTURA
INSERT INTO RECURSO_PARA_ESTRUTURA (estrutura, recurso, qtd) VALUES ('FAZENDA', 'MADEIRA', 500);
INSERT INTO RECURSO_PARA_ESTRUTURA (estrutura, recurso, qtd) VALUES ('FAZENDA', 'PEDRA', 500);
INSERT INTO RECURSO_PARA_ESTRUTURA (estrutura, recurso, qtd) VALUES ('LATIFUNDIO', 'MADEIRA', 10000);
INSERT INTO RECURSO_PARA_ESTRUTURA (estrutura, recurso, qtd) VALUES ('LATIFUNDIO', 'PEDRA', 10000);
INSERT INTO RECURSO_PARA_ESTRUTURA (estrutura, recurso, qtd) VALUES ('LATIFUNDIO', 'MINERIO', 5000);
INSERT INTO RECURSO_PARA_ESTRUTURA (estrutura, recurso, qtd) VALUES ('LATIFUNDIO', 'GERADOR', 5);
INSERT INTO RECURSO_PARA_ESTRUTURA (estrutura, recurso, qtd) VALUES ('LENHA', 'PEDRA', 500);
INSERT INTO RECURSO_PARA_ESTRUTURA (estrutura, recurso, qtd) VALUES ('LENHA', 'MINERIO', 500);
INSERT INTO RECURSO_PARA_ESTRUTURA (estrutura, recurso, qtd) VALUES ('MADEIREIRA', 'PEDRA', 10000);
INSERT INTO RECURSO_PARA_ESTRUTURA (estrutura, recurso, qtd) VALUES ('MADEIREIRA', 'MINERIO', 5000);
INSERT INTO RECURSO_PARA_ESTRUTURA (estrutura, recurso, qtd) VALUES ('MADEIREIRA', 'MADEIRA', 5000);
INSERT INTO RECURSO_PARA_ESTRUTURA (estrutura, recurso, qtd) VALUES ('MADEIREIRA', 'GERADOR', 5);
INSERT INTO RECURSO_PARA_ESTRUTURA (estrutura, recurso, qtd) VALUES ('PEDREIRA', 'MADEIRA', 500);
INSERT INTO RECURSO_PARA_ESTRUTURA (estrutura, recurso, qtd) VALUES ('PEDREIRA', 'MINERIO', 500);
INSERT INTO RECURSO_PARA_ESTRUTURA (estrutura, recurso, qtd) VALUES ('PEDREIRA TECNOLOGICA', 'MADEIRA', 5000);
INSERT INTO RECURSO_PARA_ESTRUTURA (estrutura, recurso, qtd) VALUES ('PEDREIRA TECNOLOGICA', 'MINERIO', 15000);
INSERT INTO RECURSO_PARA_ESTRUTURA (estrutura, recurso, qtd) VALUES ('PEDREIRA TECNOLOGICA', 'PEDRA', 10000);
INSERT INTO RECURSO_PARA_ESTRUTURA (estrutura, recurso, qtd) VALUES ('PEDREIRA TECNOLOGICA', 'CHIP', 5000);
INSERT INTO RECURSO_PARA_ESTRUTURA (estrutura, recurso, qtd) VALUES ('PEDREIRA TECNOLOGICA', 'GERADOR', 2000);
INSERT INTO RECURSO_PARA_ESTRUTURA (estrutura, recurso, qtd) VALUES ('GARIMPO', 'MADEIRA', 500);
INSERT INTO RECURSO_PARA_ESTRUTURA (estrutura, recurso, qtd) VALUES ('GARIMPO', 'PEDRA', 500);
INSERT INTO RECURSO_PARA_ESTRUTURA (estrutura, recurso, qtd) VALUES ('MINERADORA', 'MADEIRA', 5000);
INSERT INTO RECURSO_PARA_ESTRUTURA (estrutura, recurso, qtd) VALUES ('MINERADORA', 'MINERIO', 15000);
INSERT INTO RECURSO_PARA_ESTRUTURA (estrutura, recurso, qtd) VALUES ('MINERADORA', 'PEDRA', 10000);
INSERT INTO RECURSO_PARA_ESTRUTURA (estrutura, recurso, qtd) VALUES ('MINERADORA', 'CHIP', 5000);
INSERT INTO RECURSO_PARA_ESTRUTURA (estrutura, recurso, qtd) VALUES ('MINERADORA', 'GERADOR', 2000);
INSERT INTO RECURSO_PARA_ESTRUTURA (estrutura, recurso, qtd) VALUES ('FABRICA DE CHIP', 'MADEIRA', 50000);
INSERT INTO RECURSO_PARA_ESTRUTURA (estrutura, recurso, qtd) VALUES ('FABRICA DE CHIP', 'MINERIO', 100000);
INSERT INTO RECURSO_PARA_ESTRUTURA (estrutura, recurso, qtd) VALUES ('FABRICA DE CHIP', 'PEDRA', 50000);
INSERT INTO RECURSO_PARA_ESTRUTURA (estrutura, recurso, qtd) VALUES ('FABRICA DE CHIP', 'GERADOR', 10000);
INSERT INTO RECURSO_PARA_ESTRUTURA (estrutura, recurso, qtd) VALUES ('FABRICA DE CHIP AUTOMATICA', 'MADEIRA', 500000);
INSERT INTO RECURSO_PARA_ESTRUTURA (estrutura, recurso, qtd) VALUES ('FABRICA DE CHIP AUTOMATICA', 'MINERIO', 1000000);
INSERT INTO RECURSO_PARA_ESTRUTURA (estrutura, recurso, qtd) VALUES ('FABRICA DE CHIP AUTOMATICA', 'PEDRA', 500000);
INSERT INTO RECURSO_PARA_ESTRUTURA (estrutura, recurso, qtd) VALUES ('FABRICA DE CHIP AUTOMATICA', 'CHIP', 100000);
INSERT INTO RECURSO_PARA_ESTRUTURA (estrutura, recurso, qtd) VALUES ('FABRICA DE CHIP AUTOMATICA', 'GERADOR', 25000);
INSERT INTO RECURSO_PARA_ESTRUTURA (estrutura, recurso, qtd) VALUES ('FABRICA DE NAVE', 'MADEIRA', 50000);
INSERT INTO RECURSO_PARA_ESTRUTURA (estrutura, recurso, qtd) VALUES ('FABRICA DE NAVE', 'MINERIO', 500000);
INSERT INTO RECURSO_PARA_ESTRUTURA (estrutura, recurso, qtd) VALUES ('FABRICA DE NAVE', 'PEDRA', 50000);
INSERT INTO RECURSO_PARA_ESTRUTURA (estrutura, recurso, qtd) VALUES ('FABRICA DE NAVE', 'GERADOR', 10000);
INSERT INTO RECURSO_PARA_ESTRUTURA (estrutura, recurso, qtd) VALUES ('FABRICA DE NAVE ROBOTIZADA', 'MADEIRA', 500000);
INSERT INTO RECURSO_PARA_ESTRUTURA (estrutura, recurso, qtd) VALUES ('FABRICA DE NAVE ROBOTIZADA', 'MINERIO', 2000000);
INSERT INTO RECURSO_PARA_ESTRUTURA (estrutura, recurso, qtd) VALUES ('FABRICA DE NAVE ROBOTIZADA', 'PEDRA', 500000);
INSERT INTO RECURSO_PARA_ESTRUTURA (estrutura, recurso, qtd) VALUES ('FABRICA DE NAVE ROBOTIZADA', 'CHIP', 100000);
INSERT INTO RECURSO_PARA_ESTRUTURA (estrutura, recurso, qtd) VALUES ('FABRICA DE NAVE ROBOTIZADA', 'GERADOR', 25000);
INSERT INTO RECURSO_PARA_ESTRUTURA (estrutura, recurso, qtd) VALUES ('INDUSTRIA DE ARMAS', 'MADEIRA', 50000);
INSERT INTO RECURSO_PARA_ESTRUTURA (estrutura, recurso, qtd) VALUES ('INDUSTRIA DE ARMAS', 'MINERIO', 200000);
INSERT INTO RECURSO_PARA_ESTRUTURA (estrutura, recurso, qtd) VALUES ('INDUSTRIA DE ARMAS', 'PEDRA', 50000);
INSERT INTO RECURSO_PARA_ESTRUTURA (estrutura, recurso, qtd) VALUES ('INDUSTRIA DE ARMAS', 'GERADOR', 10000);
INSERT INTO RECURSO_PARA_ESTRUTURA (estrutura, recurso, qtd) VALUES ('INDUSTRIA DE ARMAS ROBOTIZADA', 'MADEIRA', 500000);
INSERT INTO RECURSO_PARA_ESTRUTURA (estrutura, recurso, qtd) VALUES ('INDUSTRIA DE ARMAS ROBOTIZADA', 'MINERIO', 2000000);
INSERT INTO RECURSO_PARA_ESTRUTURA (estrutura, recurso, qtd) VALUES ('INDUSTRIA DE ARMAS ROBOTIZADA', 'PEDRA', 500000);
INSERT INTO RECURSO_PARA_ESTRUTURA (estrutura, recurso, qtd) VALUES ('INDUSTRIA DE ARMAS ROBOTIZADA', 'CHIP', 100000);
INSERT INTO RECURSO_PARA_ESTRUTURA (estrutura, recurso, qtd) VALUES ('INDUSTRIA DE ARMAS ROBOTIZADA', 'GERADOR', 25000);
INSERT INTO RECURSO_PARA_ESTRUTURA (estrutura, recurso, qtd) VALUES ('FABRICA DE GERADOR', 'MADEIRA', 10000);
INSERT INTO RECURSO_PARA_ESTRUTURA (estrutura, recurso, qtd) VALUES ('FABRICA DE GERADOR', 'MINERIO', 50000);
INSERT INTO RECURSO_PARA_ESTRUTURA (estrutura, recurso, qtd) VALUES ('FABRICA DE GERADOR', 'PEDRA', 10000);


-- [09] RECURSO_PRECISA_TECNOLOGIA
INSERT INTO RECURSO_PRECISA_TECNOLOGIA (nome, nivel, recurso) VALUES ('MANUFATURA', 1, 'COMIDA');
INSERT INTO RECURSO_PRECISA_TECNOLOGIA (nome, nivel, recurso) VALUES ('MANUFATURA', 1, 'MADEIRA');
INSERT INTO RECURSO_PRECISA_TECNOLOGIA (nome, nivel, recurso) VALUES ('MANUFATURA', 1, 'PEDRA');
INSERT INTO RECURSO_PRECISA_TECNOLOGIA (nome, nivel, recurso) VALUES ('MANUFATURA', 1, 'MINERIO');
INSERT INTO RECURSO_PRECISA_TECNOLOGIA (nome, nivel, recurso) VALUES ('MANUFATURA', 1, 'CHIP');
INSERT INTO RECURSO_PRECISA_TECNOLOGIA (nome, nivel, recurso) VALUES ('TRANSPORTE', 1, 'NAVE');
INSERT INTO RECURSO_PRECISA_TECNOLOGIA (nome, nivel, recurso) VALUES ('ARMAMENTO', 1, 'ARMA');
INSERT INTO RECURSO_PRECISA_TECNOLOGIA (nome, nivel, recurso) VALUES ('MANUFATURA', 3, 'GERADOR');


-- [10] COLONIAS
-- Inserts for the Romano empire
INSERT INTO COLONIA (imperio, planeta, turno_inicial) VALUES ('ROMANO', 'KRYPTON', 0);
INSERT INTO COLONIA (imperio, planeta, turno_inicial) VALUES ('ROMANO', 'TRANTOR', 3);
INSERT INTO COLONIA (imperio, planeta, turno_inicial) VALUES ('ROMANO', 'TATOOINE', 5);
INSERT INTO COLONIA (imperio, planeta, turno_inicial) VALUES ('ROMANO', 'ARRAKIS', 6);
INSERT INTO COLONIA (imperio, planeta, turno_inicial) VALUES ('ROMANO', 'VULCAN', 7);

-- Inserts for the Mongol empire
INSERT INTO COLONIA (imperio, planeta, turno_inicial) VALUES ('MONGOL', 'VILTRUM', 0);
INSERT INTO COLONIA (imperio, planeta, turno_inicial) VALUES ('MONGOL', 'TERRA', 3);
INSERT INTO COLONIA (imperio, planeta, turno_inicial, turno_final) VALUES ('MONGOL', 'VULCAN', 5, 6);
INSERT INTO COLONIA (imperio, planeta, turno_inicial) VALUES ('MONGOL', 'PANDORA', 6);


-- [11] ESTOQUE
INSERT INTO ESTOQUE(planeta, recurso, turno, quantidade) VALUES ('ARRAKIS', 'COMIDA', 0, 10000);
INSERT INTO ESTOQUE(planeta, recurso, turno, quantidade) VALUES ('ARRAKIS', 'COMIDA', 1, 9872);
INSERT INTO ESTOQUE(planeta, recurso, turno, quantidade) VALUES ('ARRAKIS', 'COMIDA', 2, 8479);
INSERT INTO ESTOQUE(planeta, recurso, turno, quantidade) VALUES ('ARRAKIS', 'COMIDA', 3, 8654);
INSERT INTO ESTOQUE(planeta, recurso, turno, quantidade) VALUES ('ARRAKIS', 'COMIDA', 4, 6114);
INSERT INTO ESTOQUE(planeta, recurso, turno, quantidade) VALUES ('ARRAKIS', 'COMIDA', 5, 5214);
INSERT INTO ESTOQUE(planeta, recurso, turno, quantidade) VALUES ('ARRAKIS', 'COMIDA', 6, 5721);
INSERT INTO ESTOQUE(planeta, recurso, turno, quantidade) VALUES ('ARRAKIS', 'COMIDA', 7, 6627);
INSERT INTO ESTOQUE(planeta, recurso, turno, quantidade) VALUES ('ARRAKIS', 'MADEIRA', 0, 1000);
INSERT INTO ESTOQUE(planeta, recurso, turno, quantidade) VALUES ('ARRAKIS', 'MADEIRA', 1, 1209);
INSERT INTO ESTOQUE(planeta, recurso, turno, quantidade) VALUES ('ARRAKIS', 'MADEIRA', 2, 1359);
INSERT INTO ESTOQUE(planeta, recurso, turno, quantidade) VALUES ('ARRAKIS', 'MADEIRA', 3, 1515);
INSERT INTO ESTOQUE(planeta, recurso, turno, quantidade) VALUES ('ARRAKIS', 'MADEIRA', 4, 1662);
INSERT INTO ESTOQUE(planeta, recurso, turno, quantidade) VALUES ('ARRAKIS', 'MADEIRA', 5, 1983);
INSERT INTO ESTOQUE(planeta, recurso, turno, quantidade) VALUES ('ARRAKIS', 'MADEIRA', 6, 1573);
INSERT INTO ESTOQUE(planeta, recurso, turno, quantidade) VALUES ('ARRAKIS', 'MADEIRA', 7, 1171);
INSERT INTO ESTOQUE(planeta, recurso, turno, quantidade) VALUES ('ARRAKIS', 'PEDRA', 0, 30000);
INSERT INTO ESTOQUE(planeta, recurso, turno, quantidade) VALUES ('ARRAKIS', 'PEDRA', 1, 31788);
INSERT INTO ESTOQUE(planeta, recurso, turno, quantidade) VALUES ('ARRAKIS', 'PEDRA', 2, 27700);
INSERT INTO ESTOQUE(planeta, recurso, turno, quantidade) VALUES ('ARRAKIS', 'PEDRA', 3, 35319);
INSERT INTO ESTOQUE(planeta, recurso, turno, quantidade) VALUES ('ARRAKIS', 'PEDRA', 4, 27100);
INSERT INTO ESTOQUE(planeta, recurso, turno, quantidade) VALUES ('ARRAKIS', 'PEDRA', 5, 22417);
INSERT INTO ESTOQUE(planeta, recurso, turno, quantidade) VALUES ('ARRAKIS', 'PEDRA', 6, 17852);
INSERT INTO ESTOQUE(planeta, recurso, turno, quantidade) VALUES ('ARRAKIS', 'PEDRA', 7, 23188);
INSERT INTO ESTOQUE(planeta, recurso, turno, quantidade) VALUES ('ARRAKIS', 'MINERIO', 0, 100000);
INSERT INTO ESTOQUE(planeta, recurso, turno, quantidade) VALUES ('ARRAKIS', 'MINERIO', 1, 100242);
INSERT INTO ESTOQUE(planeta, recurso, turno, quantidade) VALUES ('ARRAKIS', 'MINERIO', 2, 113236);
INSERT INTO ESTOQUE(planeta, recurso, turno, quantidade) VALUES ('ARRAKIS', 'MINERIO', 3, 131813);
INSERT INTO ESTOQUE(planeta, recurso, turno, quantidade) VALUES ('ARRAKIS', 'MINERIO', 4, 165008);
INSERT INTO ESTOQUE(planeta, recurso, turno, quantidade) VALUES ('ARRAKIS', 'MINERIO', 5, 187096);
INSERT INTO ESTOQUE(planeta, recurso, turno, quantidade) VALUES ('ARRAKIS', 'MINERIO', 6, 187841);
INSERT INTO ESTOQUE(planeta, recurso, turno, quantidade) VALUES ('ARRAKIS', 'MINERIO', 7, 168494);
INSERT INTO ESTOQUE(planeta, recurso, turno, quantidade) VALUES ('ARRAKIS', 'CHIP', 0, 5000);
INSERT INTO ESTOQUE(planeta, recurso, turno, quantidade) VALUES ('ARRAKIS', 'CHIP', 1, 6023);
INSERT INTO ESTOQUE(planeta, recurso, turno, quantidade) VALUES ('ARRAKIS', 'CHIP', 2, 7123);
INSERT INTO ESTOQUE(planeta, recurso, turno, quantidade) VALUES ('ARRAKIS', 'CHIP', 3, 9193);
INSERT INTO ESTOQUE(planeta, recurso, turno, quantidade) VALUES ('ARRAKIS', 'CHIP', 4, 9766);
INSERT INTO ESTOQUE(planeta, recurso, turno, quantidade) VALUES ('ARRAKIS', 'CHIP', 5, 8872);
INSERT INTO ESTOQUE(planeta, recurso, turno, quantidade) VALUES ('ARRAKIS', 'CHIP', 6, 7912);
INSERT INTO ESTOQUE(planeta, recurso, turno, quantidade) VALUES ('ARRAKIS', 'CHIP', 7, 7576);
INSERT INTO ESTOQUE(planeta, recurso, turno, quantidade) VALUES ('ARRAKIS', 'NAVE', 0, 2000);
INSERT INTO ESTOQUE(planeta, recurso, turno, quantidade) VALUES ('ARRAKIS', 'NAVE', 1, 1660);
INSERT INTO ESTOQUE(planeta, recurso, turno, quantidade) VALUES ('ARRAKIS', 'NAVE', 2, 1719);
INSERT INTO ESTOQUE(planeta, recurso, turno, quantidade) VALUES ('ARRAKIS', 'NAVE', 3, 1418);
INSERT INTO ESTOQUE(planeta, recurso, turno, quantidade) VALUES ('ARRAKIS', 'NAVE', 4, 1279);
INSERT INTO ESTOQUE(planeta, recurso, turno, quantidade) VALUES ('ARRAKIS', 'NAVE', 5, 911);
INSERT INTO ESTOQUE(planeta, recurso, turno, quantidade) VALUES ('ARRAKIS', 'NAVE', 6, 822);
INSERT INTO ESTOQUE(planeta, recurso, turno, quantidade) VALUES ('ARRAKIS', 'NAVE', 7, 696);
INSERT INTO ESTOQUE(planeta, recurso, turno, quantidade) VALUES ('ARRAKIS', 'ARMA', 0, 10000);
INSERT INTO ESTOQUE(planeta, recurso, turno, quantidade) VALUES ('ARRAKIS', 'ARMA', 1, 7926);
INSERT INTO ESTOQUE(planeta, recurso, turno, quantidade) VALUES ('ARRAKIS', 'ARMA', 2, 8065);
INSERT INTO ESTOQUE(planeta, recurso, turno, quantidade) VALUES ('ARRAKIS', 'ARMA', 3, 9992);
INSERT INTO ESTOQUE(planeta, recurso, turno, quantidade) VALUES ('ARRAKIS', 'ARMA', 4, 9796);
INSERT INTO ESTOQUE(planeta, recurso, turno, quantidade) VALUES ('ARRAKIS', 'ARMA', 5, 9124);
INSERT INTO ESTOQUE(planeta, recurso, turno, quantidade) VALUES ('ARRAKIS', 'ARMA', 6, 7468);
INSERT INTO ESTOQUE(planeta, recurso, turno, quantidade) VALUES ('ARRAKIS', 'ARMA', 7, 7810);
INSERT INTO ESTOQUE(planeta, recurso, turno, quantidade) VALUES ('ARRAKIS', 'GERADOR', 0, 28);
INSERT INTO ESTOQUE(planeta, recurso, turno, quantidade) VALUES ('ARRAKIS', 'GERADOR', 1, 29);
INSERT INTO ESTOQUE(planeta, recurso, turno, quantidade) VALUES ('ARRAKIS', 'GERADOR', 2, 21);
INSERT INTO ESTOQUE(planeta, recurso, turno, quantidade) VALUES ('ARRAKIS', 'GERADOR', 3, 16);
INSERT INTO ESTOQUE(planeta, recurso, turno, quantidade) VALUES ('ARRAKIS', 'GERADOR', 4, 17);
INSERT INTO ESTOQUE(planeta, recurso, turno, quantidade) VALUES ('ARRAKIS', 'GERADOR', 5, 17);
INSERT INTO ESTOQUE(planeta, recurso, turno, quantidade) VALUES ('ARRAKIS', 'GERADOR', 6, 18);
INSERT INTO ESTOQUE(planeta, recurso, turno, quantidade) VALUES ('ARRAKIS', 'GERADOR', 7, 21);
INSERT INTO ESTOQUE(planeta, recurso, turno, quantidade) VALUES ('KRYPTON', 'COMIDA', 0, 200000);
INSERT INTO ESTOQUE(planeta, recurso, turno, quantidade) VALUES ('KRYPTON', 'COMIDA', 1, 217541);
INSERT INTO ESTOQUE(planeta, recurso, turno, quantidade) VALUES ('KRYPTON', 'COMIDA', 2, 246128);
INSERT INTO ESTOQUE(planeta, recurso, turno, quantidade) VALUES ('KRYPTON', 'COMIDA', 3, 213125);
INSERT INTO ESTOQUE(planeta, recurso, turno, quantidade) VALUES ('KRYPTON', 'COMIDA', 4, 210322);
INSERT INTO ESTOQUE(planeta, recurso, turno, quantidade) VALUES ('KRYPTON', 'COMIDA', 5, 209317);
INSERT INTO ESTOQUE(planeta, recurso, turno, quantidade) VALUES ('KRYPTON', 'COMIDA', 6, 270666);
INSERT INTO ESTOQUE(planeta, recurso, turno, quantidade) VALUES ('KRYPTON', 'COMIDA', 7, 226982);
INSERT INTO ESTOQUE(planeta, recurso, turno, quantidade) VALUES ('KRYPTON', 'MADEIRA', 0, 50000);
INSERT INTO ESTOQUE(planeta, recurso, turno, quantidade) VALUES ('KRYPTON', 'MADEIRA', 1, 42454);
INSERT INTO ESTOQUE(planeta, recurso, turno, quantidade) VALUES ('KRYPTON', 'MADEIRA', 2, 38625);
INSERT INTO ESTOQUE(planeta, recurso, turno, quantidade) VALUES ('KRYPTON', 'MADEIRA', 3, 48657);
INSERT INTO ESTOQUE(planeta, recurso, turno, quantidade) VALUES ('KRYPTON', 'MADEIRA', 4, 58526);
INSERT INTO ESTOQUE(planeta, recurso, turno, quantidade) VALUES ('KRYPTON', 'MADEIRA', 5, 52052);
INSERT INTO ESTOQUE(planeta, recurso, turno, quantidade) VALUES ('KRYPTON', 'MADEIRA', 6, 64787);
INSERT INTO ESTOQUE(planeta, recurso, turno, quantidade) VALUES ('KRYPTON', 'MADEIRA', 7, 80935);
INSERT INTO ESTOQUE(planeta, recurso, turno, quantidade) VALUES ('KRYPTON', 'PEDRA', 0, 100000);
INSERT INTO ESTOQUE(planeta, recurso, turno, quantidade) VALUES ('KRYPTON', 'PEDRA', 1, 120824);
INSERT INTO ESTOQUE(planeta, recurso, turno, quantidade) VALUES ('KRYPTON', 'PEDRA', 2, 142623);
INSERT INTO ESTOQUE(planeta, recurso, turno, quantidade) VALUES ('KRYPTON', 'PEDRA', 3, 151671);
INSERT INTO ESTOQUE(planeta, recurso, turno, quantidade) VALUES ('KRYPTON', 'PEDRA', 4, 127928);
INSERT INTO ESTOQUE(planeta, recurso, turno, quantidade) VALUES ('KRYPTON', 'PEDRA', 5, 105623);
INSERT INTO ESTOQUE(planeta, recurso, turno, quantidade) VALUES ('KRYPTON', 'PEDRA', 6, 95781);
INSERT INTO ESTOQUE(planeta, recurso, turno, quantidade) VALUES ('KRYPTON', 'PEDRA', 7, 107678);
INSERT INTO ESTOQUE(planeta, recurso, turno, quantidade) VALUES ('KRYPTON', 'MINERIO', 0, 150000);
INSERT INTO ESTOQUE(planeta, recurso, turno, quantidade) VALUES ('KRYPTON', 'MINERIO', 1, 151251);
INSERT INTO ESTOQUE(planeta, recurso, turno, quantidade) VALUES ('KRYPTON', 'MINERIO', 2, 192935);
INSERT INTO ESTOQUE(planeta, recurso, turno, quantidade) VALUES ('KRYPTON', 'MINERIO', 3, 245061);
INSERT INTO ESTOQUE(planeta, recurso, turno, quantidade) VALUES ('KRYPTON', 'MINERIO', 4, 190847);
INSERT INTO ESTOQUE(planeta, recurso, turno, quantidade) VALUES ('KRYPTON', 'MINERIO', 5, 203357);
INSERT INTO ESTOQUE(planeta, recurso, turno, quantidade) VALUES ('KRYPTON', 'MINERIO', 6, 181795);
INSERT INTO ESTOQUE(planeta, recurso, turno, quantidade) VALUES ('KRYPTON', 'MINERIO', 7, 131722);
INSERT INTO ESTOQUE(planeta, recurso, turno, quantidade) VALUES ('KRYPTON', 'CHIP', 0, 500000);
INSERT INTO ESTOQUE(planeta, recurso, turno, quantidade) VALUES ('KRYPTON', 'CHIP', 1, 576911);
INSERT INTO ESTOQUE(planeta, recurso, turno, quantidade) VALUES ('KRYPTON', 'CHIP', 2, 567146);
INSERT INTO ESTOQUE(planeta, recurso, turno, quantidade) VALUES ('KRYPTON', 'CHIP', 3, 659286);
INSERT INTO ESTOQUE(planeta, recurso, turno, quantidade) VALUES ('KRYPTON', 'CHIP', 4, 718191);
INSERT INTO ESTOQUE(planeta, recurso, turno, quantidade) VALUES ('KRYPTON', 'CHIP', 5, 826868);
INSERT INTO ESTOQUE(planeta, recurso, turno, quantidade) VALUES ('KRYPTON', 'CHIP', 6, 844003);
INSERT INTO ESTOQUE(planeta, recurso, turno, quantidade) VALUES ('KRYPTON', 'CHIP', 7, 1032032);
INSERT INTO ESTOQUE(planeta, recurso, turno, quantidade) VALUES ('KRYPTON', 'NAVE', 0, 300000);
INSERT INTO ESTOQUE(planeta, recurso, turno, quantidade) VALUES ('KRYPTON', 'NAVE', 1, 333881);
INSERT INTO ESTOQUE(planeta, recurso, turno, quantidade) VALUES ('KRYPTON', 'NAVE', 2, 404092);
INSERT INTO ESTOQUE(planeta, recurso, turno, quantidade) VALUES ('KRYPTON', 'NAVE', 3, 358392);
INSERT INTO ESTOQUE(planeta, recurso, turno, quantidade) VALUES ('KRYPTON', 'NAVE', 4, 433740);
INSERT INTO ESTOQUE(planeta, recurso, turno, quantidade) VALUES ('KRYPTON', 'NAVE', 5, 496570);
INSERT INTO ESTOQUE(planeta, recurso, turno, quantidade) VALUES ('KRYPTON', 'NAVE', 6, 492081);
INSERT INTO ESTOQUE(planeta, recurso, turno, quantidade) VALUES ('KRYPTON', 'NAVE', 7, 552300);
INSERT INTO ESTOQUE(planeta, recurso, turno, quantidade) VALUES ('KRYPTON', 'ARMA', 0, 200000);
INSERT INTO ESTOQUE(planeta, recurso, turno, quantidade) VALUES ('KRYPTON', 'ARMA', 1, 173353);
INSERT INTO ESTOQUE(planeta, recurso, turno, quantidade) VALUES ('KRYPTON', 'ARMA', 2, 197411);
INSERT INTO ESTOQUE(planeta, recurso, turno, quantidade) VALUES ('KRYPTON', 'ARMA', 3, 208749);
INSERT INTO ESTOQUE(planeta, recurso, turno, quantidade) VALUES ('KRYPTON', 'ARMA', 4, 233013);
INSERT INTO ESTOQUE(planeta, recurso, turno, quantidade) VALUES ('KRYPTON', 'ARMA', 5, 290291);
INSERT INTO ESTOQUE(planeta, recurso, turno, quantidade) VALUES ('KRYPTON', 'ARMA', 6, 269095);
INSERT INTO ESTOQUE(planeta, recurso, turno, quantidade) VALUES ('KRYPTON', 'ARMA', 7, 196441);
INSERT INTO ESTOQUE(planeta, recurso, turno, quantidade) VALUES ('KRYPTON', 'GERADOR', 0, 50);
INSERT INTO ESTOQUE(planeta, recurso, turno, quantidade) VALUES ('KRYPTON', 'GERADOR', 1, 57);
INSERT INTO ESTOQUE(planeta, recurso, turno, quantidade) VALUES ('KRYPTON', 'GERADOR', 2, 71);
INSERT INTO ESTOQUE(planeta, recurso, turno, quantidade) VALUES ('KRYPTON', 'GERADOR', 3, 71);
INSERT INTO ESTOQUE(planeta, recurso, turno, quantidade) VALUES ('KRYPTON', 'GERADOR', 4, 84);
INSERT INTO ESTOQUE(planeta, recurso, turno, quantidade) VALUES ('KRYPTON', 'GERADOR', 5, 86);
INSERT INTO ESTOQUE(planeta, recurso, turno, quantidade) VALUES ('KRYPTON', 'GERADOR', 6, 64);
INSERT INTO ESTOQUE(planeta, recurso, turno, quantidade) VALUES ('KRYPTON', 'GERADOR', 7, 70);
INSERT INTO ESTOQUE(planeta, recurso, turno, quantidade) VALUES ('PANDORA', 'COMIDA', 0, 80000);
INSERT INTO ESTOQUE(planeta, recurso, turno, quantidade) VALUES ('PANDORA', 'COMIDA', 1, 71290);
INSERT INTO ESTOQUE(planeta, recurso, turno, quantidade) VALUES ('PANDORA', 'COMIDA', 2, 59995);
INSERT INTO ESTOQUE(planeta, recurso, turno, quantidade) VALUES ('PANDORA', 'COMIDA', 3, 57654);
INSERT INTO ESTOQUE(planeta, recurso, turno, quantidade) VALUES ('PANDORA', 'COMIDA', 4, 42547);
INSERT INTO ESTOQUE(planeta, recurso, turno, quantidade) VALUES ('PANDORA', 'COMIDA', 5, 38278);
INSERT INTO ESTOQUE(planeta, recurso, turno, quantidade) VALUES ('PANDORA', 'COMIDA', 6, 43530);
INSERT INTO ESTOQUE(planeta, recurso, turno, quantidade) VALUES ('PANDORA', 'COMIDA', 7, 52782);
INSERT INTO ESTOQUE(planeta, recurso, turno, quantidade) VALUES ('PANDORA', 'MADEIRA', 0, 70000);
INSERT INTO ESTOQUE(planeta, recurso, turno, quantidade) VALUES ('PANDORA', 'MADEIRA', 1, 81736);
INSERT INTO ESTOQUE(planeta, recurso, turno, quantidade) VALUES ('PANDORA', 'MADEIRA', 2, 83515);
INSERT INTO ESTOQUE(planeta, recurso, turno, quantidade) VALUES ('PANDORA', 'MADEIRA', 3, 61518);
INSERT INTO ESTOQUE(planeta, recurso, turno, quantidade) VALUES ('PANDORA', 'MADEIRA', 4, 79893);
INSERT INTO ESTOQUE(planeta, recurso, turno, quantidade) VALUES ('PANDORA', 'MADEIRA', 5, 96890);
INSERT INTO ESTOQUE(planeta, recurso, turno, quantidade) VALUES ('PANDORA', 'MADEIRA', 6, 119205);
INSERT INTO ESTOQUE(planeta, recurso, turno, quantidade) VALUES ('PANDORA', 'MADEIRA', 7, 137903);
INSERT INTO ESTOQUE(planeta, recurso, turno, quantidade) VALUES ('PANDORA', 'PEDRA', 0, 20000);
INSERT INTO ESTOQUE(planeta, recurso, turno, quantidade) VALUES ('PANDORA', 'PEDRA', 1, 20001);
INSERT INTO ESTOQUE(planeta, recurso, turno, quantidade) VALUES ('PANDORA', 'PEDRA', 2, 20043);
INSERT INTO ESTOQUE(planeta, recurso, turno, quantidade) VALUES ('PANDORA', 'PEDRA', 3, 18801);
INSERT INTO ESTOQUE(planeta, recurso, turno, quantidade) VALUES ('PANDORA', 'PEDRA', 4, 18477);
INSERT INTO ESTOQUE(planeta, recurso, turno, quantidade) VALUES ('PANDORA', 'PEDRA', 5, 21105);
INSERT INTO ESTOQUE(planeta, recurso, turno, quantidade) VALUES ('PANDORA', 'PEDRA', 6, 23558);
INSERT INTO ESTOQUE(planeta, recurso, turno, quantidade) VALUES ('PANDORA', 'PEDRA', 7, 27882);
INSERT INTO ESTOQUE(planeta, recurso, turno, quantidade) VALUES ('PANDORA', 'MINERIO', 0, 15000);
INSERT INTO ESTOQUE(planeta, recurso, turno, quantidade) VALUES ('PANDORA', 'MINERIO', 1, 12554);
INSERT INTO ESTOQUE(planeta, recurso, turno, quantidade) VALUES ('PANDORA', 'MINERIO', 2, 14241);
INSERT INTO ESTOQUE(planeta, recurso, turno, quantidade) VALUES ('PANDORA', 'MINERIO', 3, 12914);
INSERT INTO ESTOQUE(planeta, recurso, turno, quantidade) VALUES ('PANDORA', 'MINERIO', 4, 9224);
INSERT INTO ESTOQUE(planeta, recurso, turno, quantidade) VALUES ('PANDORA', 'MINERIO', 5, 7947);
INSERT INTO ESTOQUE(planeta, recurso, turno, quantidade) VALUES ('PANDORA', 'MINERIO', 6, 8169);
INSERT INTO ESTOQUE(planeta, recurso, turno, quantidade) VALUES ('PANDORA', 'MINERIO', 7, 6511);
INSERT INTO ESTOQUE(planeta, recurso, turno, quantidade) VALUES ('PANDORA', 'CHIP', 0, 5000);
INSERT INTO ESTOQUE(planeta, recurso, turno, quantidade) VALUES ('PANDORA', 'CHIP', 1, 6416);
INSERT INTO ESTOQUE(planeta, recurso, turno, quantidade) VALUES ('PANDORA', 'CHIP', 2, 8106);
INSERT INTO ESTOQUE(planeta, recurso, turno, quantidade) VALUES ('PANDORA', 'CHIP', 3, 8719);
INSERT INTO ESTOQUE(planeta, recurso, turno, quantidade) VALUES ('PANDORA', 'CHIP', 4, 6703);
INSERT INTO ESTOQUE(planeta, recurso, turno, quantidade) VALUES ('PANDORA', 'CHIP', 5, 5289);
INSERT INTO ESTOQUE(planeta, recurso, turno, quantidade) VALUES ('PANDORA', 'CHIP', 6, 6187);
INSERT INTO ESTOQUE(planeta, recurso, turno, quantidade) VALUES ('PANDORA', 'CHIP', 7, 5689);
INSERT INTO ESTOQUE(planeta, recurso, turno, quantidade) VALUES ('PANDORA', 'NAVE', 0, 3000);
INSERT INTO ESTOQUE(planeta, recurso, turno, quantidade) VALUES ('PANDORA', 'NAVE', 1, 2259);
INSERT INTO ESTOQUE(planeta, recurso, turno, quantidade) VALUES ('PANDORA', 'NAVE', 2, 2807);
INSERT INTO ESTOQUE(planeta, recurso, turno, quantidade) VALUES ('PANDORA', 'NAVE', 3, 2154);
INSERT INTO ESTOQUE(planeta, recurso, turno, quantidade) VALUES ('PANDORA', 'NAVE', 4, 1637);
INSERT INTO ESTOQUE(planeta, recurso, turno, quantidade) VALUES ('PANDORA', 'NAVE', 5, 1430);
INSERT INTO ESTOQUE(planeta, recurso, turno, quantidade) VALUES ('PANDORA', 'NAVE', 6, 1422);
INSERT INTO ESTOQUE(planeta, recurso, turno, quantidade) VALUES ('PANDORA', 'NAVE', 7, 1519);
INSERT INTO ESTOQUE(planeta, recurso, turno, quantidade) VALUES ('PANDORA', 'ARMA', 0, 8000);
INSERT INTO ESTOQUE(planeta, recurso, turno, quantidade) VALUES ('PANDORA', 'ARMA', 1, 6031);
INSERT INTO ESTOQUE(planeta, recurso, turno, quantidade) VALUES ('PANDORA', 'ARMA', 2, 6854);
INSERT INTO ESTOQUE(planeta, recurso, turno, quantidade) VALUES ('PANDORA', 'ARMA', 3, 7826);
INSERT INTO ESTOQUE(planeta, recurso, turno, quantidade) VALUES ('PANDORA', 'ARMA', 4, 5781);
INSERT INTO ESTOQUE(planeta, recurso, turno, quantidade) VALUES ('PANDORA', 'ARMA', 5, 4655);
INSERT INTO ESTOQUE(planeta, recurso, turno, quantidade) VALUES ('PANDORA', 'ARMA', 6, 3885);
INSERT INTO ESTOQUE(planeta, recurso, turno, quantidade) VALUES ('PANDORA', 'ARMA', 7, 4450);
INSERT INTO ESTOQUE(planeta, recurso, turno, quantidade) VALUES ('PANDORA', 'GERADOR', 0, 20);
INSERT INTO ESTOQUE(planeta, recurso, turno, quantidade) VALUES ('PANDORA', 'GERADOR', 1, 23);
INSERT INTO ESTOQUE(planeta, recurso, turno, quantidade) VALUES ('PANDORA', 'GERADOR', 2, 17);
INSERT INTO ESTOQUE(planeta, recurso, turno, quantidade) VALUES ('PANDORA', 'GERADOR', 3, 22);
INSERT INTO ESTOQUE(planeta, recurso, turno, quantidade) VALUES ('PANDORA', 'GERADOR', 4, 16);
INSERT INTO ESTOQUE(planeta, recurso, turno, quantidade) VALUES ('PANDORA', 'GERADOR', 5, 11);
INSERT INTO ESTOQUE(planeta, recurso, turno, quantidade) VALUES ('PANDORA', 'GERADOR', 6, 9);
INSERT INTO ESTOQUE(planeta, recurso, turno, quantidade) VALUES ('PANDORA', 'GERADOR', 7, 6);
INSERT INTO ESTOQUE(planeta, recurso, turno, quantidade) VALUES ('TATOOINE', 'COMIDA', 0, 5000);
INSERT INTO ESTOQUE(planeta, recurso, turno, quantidade) VALUES ('TATOOINE', 'COMIDA', 1, 4328);
INSERT INTO ESTOQUE(planeta, recurso, turno, quantidade) VALUES ('TATOOINE', 'COMIDA', 2, 4596);
INSERT INTO ESTOQUE(planeta, recurso, turno, quantidade) VALUES ('TATOOINE', 'COMIDA', 3, 3707);
INSERT INTO ESTOQUE(planeta, recurso, turno, quantidade) VALUES ('TATOOINE', 'COMIDA', 4, 3369);
INSERT INTO ESTOQUE(planeta, recurso, turno, quantidade) VALUES ('TATOOINE', 'COMIDA', 5, 2961);
INSERT INTO ESTOQUE(planeta, recurso, turno, quantidade) VALUES ('TATOOINE', 'COMIDA', 6, 2797);
INSERT INTO ESTOQUE(planeta, recurso, turno, quantidade) VALUES ('TATOOINE', 'COMIDA', 7, 3026);
INSERT INTO ESTOQUE(planeta, recurso, turno, quantidade) VALUES ('TATOOINE', 'MADEIRA', 0, 50);
INSERT INTO ESTOQUE(planeta, recurso, turno, quantidade) VALUES ('TATOOINE', 'MADEIRA', 1, 55);
INSERT INTO ESTOQUE(planeta, recurso, turno, quantidade) VALUES ('TATOOINE', 'MADEIRA', 2, 68);
INSERT INTO ESTOQUE(planeta, recurso, turno, quantidade) VALUES ('TATOOINE', 'MADEIRA', 3, 74);
INSERT INTO ESTOQUE(planeta, recurso, turno, quantidade) VALUES ('TATOOINE', 'MADEIRA', 4, 79);
INSERT INTO ESTOQUE(planeta, recurso, turno, quantidade) VALUES ('TATOOINE', 'MADEIRA', 5, 100);
INSERT INTO ESTOQUE(planeta, recurso, turno, quantidade) VALUES ('TATOOINE', 'MADEIRA', 6, 76);
INSERT INTO ESTOQUE(planeta, recurso, turno, quantidade) VALUES ('TATOOINE', 'MADEIRA', 7, 81);
INSERT INTO ESTOQUE(planeta, recurso, turno, quantidade) VALUES ('TATOOINE', 'PEDRA', 0, 25000);
INSERT INTO ESTOQUE(planeta, recurso, turno, quantidade) VALUES ('TATOOINE', 'PEDRA', 1, 22621);
INSERT INTO ESTOQUE(planeta, recurso, turno, quantidade) VALUES ('TATOOINE', 'PEDRA', 2, 26831);
INSERT INTO ESTOQUE(planeta, recurso, turno, quantidade) VALUES ('TATOOINE', 'PEDRA', 3, 25618);
INSERT INTO ESTOQUE(planeta, recurso, turno, quantidade) VALUES ('TATOOINE', 'PEDRA', 4, 29078);
INSERT INTO ESTOQUE(planeta, recurso, turno, quantidade) VALUES ('TATOOINE', 'PEDRA', 5, 26966);
INSERT INTO ESTOQUE(planeta, recurso, turno, quantidade) VALUES ('TATOOINE', 'PEDRA', 6, 27189);
INSERT INTO ESTOQUE(planeta, recurso, turno, quantidade) VALUES ('TATOOINE', 'PEDRA', 7, 29977);
INSERT INTO ESTOQUE(planeta, recurso, turno, quantidade) VALUES ('TATOOINE', 'MINERIO', 0, 20000);
INSERT INTO ESTOQUE(planeta, recurso, turno, quantidade) VALUES ('TATOOINE', 'MINERIO', 1, 18747);
INSERT INTO ESTOQUE(planeta, recurso, turno, quantidade) VALUES ('TATOOINE', 'MINERIO', 2, 23587);
INSERT INTO ESTOQUE(planeta, recurso, turno, quantidade) VALUES ('TATOOINE', 'MINERIO', 3, 24663);
INSERT INTO ESTOQUE(planeta, recurso, turno, quantidade) VALUES ('TATOOINE', 'MINERIO', 4, 23438);
INSERT INTO ESTOQUE(planeta, recurso, turno, quantidade) VALUES ('TATOOINE', 'MINERIO', 5, 22104);
INSERT INTO ESTOQUE(planeta, recurso, turno, quantidade) VALUES ('TATOOINE', 'MINERIO', 6, 28668);
INSERT INTO ESTOQUE(planeta, recurso, turno, quantidade) VALUES ('TATOOINE', 'MINERIO', 7, 28186);
INSERT INTO ESTOQUE(planeta, recurso, turno, quantidade) VALUES ('TATOOINE', 'CHIP', 0, 2000);
INSERT INTO ESTOQUE(planeta, recurso, turno, quantidade) VALUES ('TATOOINE', 'CHIP', 1, 1544);
INSERT INTO ESTOQUE(planeta, recurso, turno, quantidade) VALUES ('TATOOINE', 'CHIP', 2, 1621);
INSERT INTO ESTOQUE(planeta, recurso, turno, quantidade) VALUES ('TATOOINE', 'CHIP', 3, 2095);
INSERT INTO ESTOQUE(planeta, recurso, turno, quantidade) VALUES ('TATOOINE', 'CHIP', 4, 1706);
INSERT INTO ESTOQUE(planeta, recurso, turno, quantidade) VALUES ('TATOOINE', 'CHIP', 5, 1664);
INSERT INTO ESTOQUE(planeta, recurso, turno, quantidade) VALUES ('TATOOINE', 'CHIP', 6, 1557);
INSERT INTO ESTOQUE(planeta, recurso, turno, quantidade) VALUES ('TATOOINE', 'CHIP', 7, 1663);
INSERT INTO ESTOQUE(planeta, recurso, turno, quantidade) VALUES ('TATOOINE', 'NAVE', 0, 1000);
INSERT INTO ESTOQUE(planeta, recurso, turno, quantidade) VALUES ('TATOOINE', 'NAVE', 1, 1068);
INSERT INTO ESTOQUE(planeta, recurso, turno, quantidade) VALUES ('TATOOINE', 'NAVE', 2, 1258);
INSERT INTO ESTOQUE(planeta, recurso, turno, quantidade) VALUES ('TATOOINE', 'NAVE', 3, 1582);
INSERT INTO ESTOQUE(planeta, recurso, turno, quantidade) VALUES ('TATOOINE', 'NAVE', 4, 1162);
INSERT INTO ESTOQUE(planeta, recurso, turno, quantidade) VALUES ('TATOOINE', 'NAVE', 5, 1299);
INSERT INTO ESTOQUE(planeta, recurso, turno, quantidade) VALUES ('TATOOINE', 'NAVE', 6, 1609);
INSERT INTO ESTOQUE(planeta, recurso, turno, quantidade) VALUES ('TATOOINE', 'NAVE', 7, 1382);
INSERT INTO ESTOQUE(planeta, recurso, turno, quantidade) VALUES ('TATOOINE', 'ARMA', 0, 5000);
INSERT INTO ESTOQUE(planeta, recurso, turno, quantidade) VALUES ('TATOOINE', 'ARMA', 1, 4826);
INSERT INTO ESTOQUE(planeta, recurso, turno, quantidade) VALUES ('TATOOINE', 'ARMA', 2, 3946);
INSERT INTO ESTOQUE(planeta, recurso, turno, quantidade) VALUES ('TATOOINE', 'ARMA', 3, 4766);
INSERT INTO ESTOQUE(planeta, recurso, turno, quantidade) VALUES ('TATOOINE', 'ARMA', 4, 5085);
INSERT INTO ESTOQUE(planeta, recurso, turno, quantidade) VALUES ('TATOOINE', 'ARMA', 5, 3772);
INSERT INTO ESTOQUE(planeta, recurso, turno, quantidade) VALUES ('TATOOINE', 'ARMA', 6, 3321);
INSERT INTO ESTOQUE(planeta, recurso, turno, quantidade) VALUES ('TATOOINE', 'ARMA', 7, 2623);
INSERT INTO ESTOQUE(planeta, recurso, turno, quantidade) VALUES ('TATOOINE', 'GERADOR', 0, 8);
INSERT INTO ESTOQUE(planeta, recurso, turno, quantidade) VALUES ('TATOOINE', 'GERADOR', 1, 7);
INSERT INTO ESTOQUE(planeta, recurso, turno, quantidade) VALUES ('TATOOINE', 'GERADOR', 2, 7);
INSERT INTO ESTOQUE(planeta, recurso, turno, quantidade) VALUES ('TATOOINE', 'GERADOR', 3, 7);
INSERT INTO ESTOQUE(planeta, recurso, turno, quantidade) VALUES ('TATOOINE', 'GERADOR', 4, 6);
INSERT INTO ESTOQUE(planeta, recurso, turno, quantidade) VALUES ('TATOOINE', 'GERADOR', 5, 7);
INSERT INTO ESTOQUE(planeta, recurso, turno, quantidade) VALUES ('TATOOINE', 'GERADOR', 6, 6);
INSERT INTO ESTOQUE(planeta, recurso, turno, quantidade) VALUES ('TATOOINE', 'GERADOR', 7, 5);
INSERT INTO ESTOQUE(planeta, recurso, turno, quantidade) VALUES ('TERRA', 'COMIDA', 0, 250000);
INSERT INTO ESTOQUE(planeta, recurso, turno, quantidade) VALUES ('TERRA', 'COMIDA', 1, 180429);
INSERT INTO ESTOQUE(planeta, recurso, turno, quantidade) VALUES ('TERRA', 'COMIDA', 2, 206035);
INSERT INTO ESTOQUE(planeta, recurso, turno, quantidade) VALUES ('TERRA', 'COMIDA', 3, 219860);
INSERT INTO ESTOQUE(planeta, recurso, turno, quantidade) VALUES ('TERRA', 'COMIDA', 4, 191048);
INSERT INTO ESTOQUE(planeta, recurso, turno, quantidade) VALUES ('TERRA', 'COMIDA', 5, 188628);
INSERT INTO ESTOQUE(planeta, recurso, turno, quantidade) VALUES ('TERRA', 'COMIDA', 6, 164428);
INSERT INTO ESTOQUE(planeta, recurso, turno, quantidade) VALUES ('TERRA', 'COMIDA', 7, 179776);
INSERT INTO ESTOQUE(planeta, recurso, turno, quantidade) VALUES ('TERRA', 'MADEIRA', 0, 150000);
INSERT INTO ESTOQUE(planeta, recurso, turno, quantidade) VALUES ('TERRA', 'MADEIRA', 1, 165468);
INSERT INTO ESTOQUE(planeta, recurso, turno, quantidade) VALUES ('TERRA', 'MADEIRA', 2, 178995);
INSERT INTO ESTOQUE(planeta, recurso, turno, quantidade) VALUES ('TERRA', 'MADEIRA', 3, 145028);
INSERT INTO ESTOQUE(planeta, recurso, turno, quantidade) VALUES ('TERRA', 'MADEIRA', 4, 166704);
INSERT INTO ESTOQUE(planeta, recurso, turno, quantidade) VALUES ('TERRA', 'MADEIRA', 5, 170763);
INSERT INTO ESTOQUE(planeta, recurso, turno, quantidade) VALUES ('TERRA', 'MADEIRA', 6, 200376);
INSERT INTO ESTOQUE(planeta, recurso, turno, quantidade) VALUES ('TERRA', 'MADEIRA', 7, 143909);
INSERT INTO ESTOQUE(planeta, recurso, turno, quantidade) VALUES ('TERRA', 'PEDRA', 0, 100000);
INSERT INTO ESTOQUE(planeta, recurso, turno, quantidade) VALUES ('TERRA', 'PEDRA', 1, 117875);
INSERT INTO ESTOQUE(planeta, recurso, turno, quantidade) VALUES ('TERRA', 'PEDRA', 2, 147313);
INSERT INTO ESTOQUE(planeta, recurso, turno, quantidade) VALUES ('TERRA', 'PEDRA', 3, 172531);
INSERT INTO ESTOQUE(planeta, recurso, turno, quantidade) VALUES ('TERRA', 'PEDRA', 4, 127024);
INSERT INTO ESTOQUE(planeta, recurso, turno, quantidade) VALUES ('TERRA', 'PEDRA', 5, 145509);
INSERT INTO ESTOQUE(planeta, recurso, turno, quantidade) VALUES ('TERRA', 'PEDRA', 6, 119255);
INSERT INTO ESTOQUE(planeta, recurso, turno, quantidade) VALUES ('TERRA', 'PEDRA', 7, 105827);
INSERT INTO ESTOQUE(planeta, recurso, turno, quantidade) VALUES ('TERRA', 'MINERIO', 0, 120000);
INSERT INTO ESTOQUE(planeta, recurso, turno, quantidade) VALUES ('TERRA', 'MINERIO', 1, 119274);
INSERT INTO ESTOQUE(planeta, recurso, turno, quantidade) VALUES ('TERRA', 'MINERIO', 2, 92102);
INSERT INTO ESTOQUE(planeta, recurso, turno, quantidade) VALUES ('TERRA', 'MINERIO', 3, 80237);
INSERT INTO ESTOQUE(planeta, recurso, turno, quantidade) VALUES ('TERRA', 'MINERIO', 4, 73227);
INSERT INTO ESTOQUE(planeta, recurso, turno, quantidade) VALUES ('TERRA', 'MINERIO', 5, 64571);
INSERT INTO ESTOQUE(planeta, recurso, turno, quantidade) VALUES ('TERRA', 'MINERIO', 6, 55024);
INSERT INTO ESTOQUE(planeta, recurso, turno, quantidade) VALUES ('TERRA', 'MINERIO', 7, 69257);
INSERT INTO ESTOQUE(planeta, recurso, turno, quantidade) VALUES ('TERRA', 'CHIP', 0, 100000);
INSERT INTO ESTOQUE(planeta, recurso, turno, quantidade) VALUES ('TERRA', 'CHIP', 1, 89385);
INSERT INTO ESTOQUE(planeta, recurso, turno, quantidade) VALUES ('TERRA', 'CHIP', 2, 98936);
INSERT INTO ESTOQUE(planeta, recurso, turno, quantidade) VALUES ('TERRA', 'CHIP', 3, 112351);
INSERT INTO ESTOQUE(planeta, recurso, turno, quantidade) VALUES ('TERRA', 'CHIP', 4, 100517);
INSERT INTO ESTOQUE(planeta, recurso, turno, quantidade) VALUES ('TERRA', 'CHIP', 5, 107412);
INSERT INTO ESTOQUE(planeta, recurso, turno, quantidade) VALUES ('TERRA', 'CHIP', 6, 111457);
INSERT INTO ESTOQUE(planeta, recurso, turno, quantidade) VALUES ('TERRA', 'CHIP', 7, 134641);
INSERT INTO ESTOQUE(planeta, recurso, turno, quantidade) VALUES ('TERRA', 'NAVE', 0, 50000);
INSERT INTO ESTOQUE(planeta, recurso, turno, quantidade) VALUES ('TERRA', 'NAVE', 1, 46083);
INSERT INTO ESTOQUE(planeta, recurso, turno, quantidade) VALUES ('TERRA', 'NAVE', 2, 41324);
INSERT INTO ESTOQUE(planeta, recurso, turno, quantidade) VALUES ('TERRA', 'NAVE', 3, 36015);
INSERT INTO ESTOQUE(planeta, recurso, turno, quantidade) VALUES ('TERRA', 'NAVE', 4, 45134);
INSERT INTO ESTOQUE(planeta, recurso, turno, quantidade) VALUES ('TERRA', 'NAVE', 5, 38702);
INSERT INTO ESTOQUE(planeta, recurso, turno, quantidade) VALUES ('TERRA', 'NAVE', 6, 42997);
INSERT INTO ESTOQUE(planeta, recurso, turno, quantidade) VALUES ('TERRA', 'NAVE', 7, 44439);
INSERT INTO ESTOQUE(planeta, recurso, turno, quantidade) VALUES ('TERRA', 'ARMA', 0, 60000);
INSERT INTO ESTOQUE(planeta, recurso, turno, quantidade) VALUES ('TERRA', 'ARMA', 1, 62785);
INSERT INTO ESTOQUE(planeta, recurso, turno, quantidade) VALUES ('TERRA', 'ARMA', 2, 77150);
INSERT INTO ESTOQUE(planeta, recurso, turno, quantidade) VALUES ('TERRA', 'ARMA', 3, 80166);
INSERT INTO ESTOQUE(planeta, recurso, turno, quantidade) VALUES ('TERRA', 'ARMA', 4, 62651);
INSERT INTO ESTOQUE(planeta, recurso, turno, quantidade) VALUES ('TERRA', 'ARMA', 5, 81112);
INSERT INTO ESTOQUE(planeta, recurso, turno, quantidade) VALUES ('TERRA', 'ARMA', 6, 57846);
INSERT INTO ESTOQUE(planeta, recurso, turno, quantidade) VALUES ('TERRA', 'ARMA', 7, 74500);
INSERT INTO ESTOQUE(planeta, recurso, turno, quantidade) VALUES ('TERRA', 'GERADOR', 0, 10);
INSERT INTO ESTOQUE(planeta, recurso, turno, quantidade) VALUES ('TERRA', 'GERADOR', 1, 7);
INSERT INTO ESTOQUE(planeta, recurso, turno, quantidade) VALUES ('TERRA', 'GERADOR', 2, 8);
INSERT INTO ESTOQUE(planeta, recurso, turno, quantidade) VALUES ('TERRA', 'GERADOR', 3, 7);
INSERT INTO ESTOQUE(planeta, recurso, turno, quantidade) VALUES ('TERRA', 'GERADOR', 4, 6);
INSERT INTO ESTOQUE(planeta, recurso, turno, quantidade) VALUES ('TERRA', 'GERADOR', 5, 4);
INSERT INTO ESTOQUE(planeta, recurso, turno, quantidade) VALUES ('TERRA', 'GERADOR', 6, 3);
INSERT INTO ESTOQUE(planeta, recurso, turno, quantidade) VALUES ('TERRA', 'GERADOR', 7, 2);
INSERT INTO ESTOQUE(planeta, recurso, turno, quantidade) VALUES ('TRANTOR', 'COMIDA', 0, 300000);
INSERT INTO ESTOQUE(planeta, recurso, turno, quantidade) VALUES ('TRANTOR', 'COMIDA', 1, 280430);
INSERT INTO ESTOQUE(planeta, recurso, turno, quantidade) VALUES ('TRANTOR', 'COMIDA', 2, 339021);
INSERT INTO ESTOQUE(planeta, recurso, turno, quantidade) VALUES ('TRANTOR', 'COMIDA', 3, 239159);
INSERT INTO ESTOQUE(planeta, recurso, turno, quantidade) VALUES ('TRANTOR', 'COMIDA', 4, 242229);
INSERT INTO ESTOQUE(planeta, recurso, turno, quantidade) VALUES ('TRANTOR', 'COMIDA', 5, 212205);
INSERT INTO ESTOQUE(planeta, recurso, turno, quantidade) VALUES ('TRANTOR', 'COMIDA', 6, 251917);
INSERT INTO ESTOQUE(planeta, recurso, turno, quantidade) VALUES ('TRANTOR', 'COMIDA', 7, 274229);
INSERT INTO ESTOQUE(planeta, recurso, turno, quantidade) VALUES ('TRANTOR', 'MADEIRA', 0, 80000);
INSERT INTO ESTOQUE(planeta, recurso, turno, quantidade) VALUES ('TRANTOR', 'MADEIRA', 1, 90871);
INSERT INTO ESTOQUE(planeta, recurso, turno, quantidade) VALUES ('TRANTOR', 'MADEIRA', 2, 106009);
INSERT INTO ESTOQUE(planeta, recurso, turno, quantidade) VALUES ('TRANTOR', 'MADEIRA', 3, 102910);
INSERT INTO ESTOQUE(planeta, recurso, turno, quantidade) VALUES ('TRANTOR', 'MADEIRA', 4, 102140);
INSERT INTO ESTOQUE(planeta, recurso, turno, quantidade) VALUES ('TRANTOR', 'MADEIRA', 5, 115512);
INSERT INTO ESTOQUE(planeta, recurso, turno, quantidade) VALUES ('TRANTOR', 'MADEIRA', 6, 90809);
INSERT INTO ESTOQUE(planeta, recurso, turno, quantidade) VALUES ('TRANTOR', 'MADEIRA', 7, 77139);
INSERT INTO ESTOQUE(planeta, recurso, turno, quantidade) VALUES ('TRANTOR', 'PEDRA', 0, 100000);
INSERT INTO ESTOQUE(planeta, recurso, turno, quantidade) VALUES ('TRANTOR', 'PEDRA', 1, 101834);
INSERT INTO ESTOQUE(planeta, recurso, turno, quantidade) VALUES ('TRANTOR', 'PEDRA', 2, 74745);
INSERT INTO ESTOQUE(planeta, recurso, turno, quantidade) VALUES ('TRANTOR', 'PEDRA', 3, 76150);
INSERT INTO ESTOQUE(planeta, recurso, turno, quantidade) VALUES ('TRANTOR', 'PEDRA', 4, 69343);
INSERT INTO ESTOQUE(planeta, recurso, turno, quantidade) VALUES ('TRANTOR', 'PEDRA', 5, 83521);
INSERT INTO ESTOQUE(planeta, recurso, turno, quantidade) VALUES ('TRANTOR', 'PEDRA', 6, 95636);
INSERT INTO ESTOQUE(planeta, recurso, turno, quantidade) VALUES ('TRANTOR', 'PEDRA', 7, 79130);
INSERT INTO ESTOQUE(planeta, recurso, turno, quantidade) VALUES ('TRANTOR', 'MINERIO', 0, 200000);
INSERT INTO ESTOQUE(planeta, recurso, turno, quantidade) VALUES ('TRANTOR', 'MINERIO', 1, 213389);
INSERT INTO ESTOQUE(planeta, recurso, turno, quantidade) VALUES ('TRANTOR', 'MINERIO', 2, 194414);
INSERT INTO ESTOQUE(planeta, recurso, turno, quantidade) VALUES ('TRANTOR', 'MINERIO', 3, 226438);
INSERT INTO ESTOQUE(planeta, recurso, turno, quantidade) VALUES ('TRANTOR', 'MINERIO', 4, 215537);
INSERT INTO ESTOQUE(planeta, recurso, turno, quantidade) VALUES ('TRANTOR', 'MINERIO', 5, 277065);
INSERT INTO ESTOQUE(planeta, recurso, turno, quantidade) VALUES ('TRANTOR', 'MINERIO', 6, 352250);
INSERT INTO ESTOQUE(planeta, recurso, turno, quantidade) VALUES ('TRANTOR', 'MINERIO', 7, 395045);
INSERT INTO ESTOQUE(planeta, recurso, turno, quantidade) VALUES ('TRANTOR', 'CHIP', 0, 700000);
INSERT INTO ESTOQUE(planeta, recurso, turno, quantidade) VALUES ('TRANTOR', 'CHIP', 1, 789673);
INSERT INTO ESTOQUE(planeta, recurso, turno, quantidade) VALUES ('TRANTOR', 'CHIP', 2, 953386);
INSERT INTO ESTOQUE(planeta, recurso, turno, quantidade) VALUES ('TRANTOR', 'CHIP', 3, 757216);
INSERT INTO ESTOQUE(planeta, recurso, turno, quantidade) VALUES ('TRANTOR', 'CHIP', 4, 565710);
INSERT INTO ESTOQUE(planeta, recurso, turno, quantidade) VALUES ('TRANTOR', 'CHIP', 5, 600345);
INSERT INTO ESTOQUE(planeta, recurso, turno, quantidade) VALUES ('TRANTOR', 'CHIP', 6, 512605);
INSERT INTO ESTOQUE(planeta, recurso, turno, quantidade) VALUES ('TRANTOR', 'CHIP', 7, 546668);
INSERT INTO ESTOQUE(planeta, recurso, turno, quantidade) VALUES ('TRANTOR', 'NAVE', 0, 500000);
INSERT INTO ESTOQUE(planeta, recurso, turno, quantidade) VALUES ('TRANTOR', 'NAVE', 1, 410348);
INSERT INTO ESTOQUE(planeta, recurso, turno, quantidade) VALUES ('TRANTOR', 'NAVE', 2, 521083);
INSERT INTO ESTOQUE(planeta, recurso, turno, quantidade) VALUES ('TRANTOR', 'NAVE', 3, 379012);
INSERT INTO ESTOQUE(planeta, recurso, turno, quantidade) VALUES ('TRANTOR', 'NAVE', 4, 348181);
INSERT INTO ESTOQUE(planeta, recurso, turno, quantidade) VALUES ('TRANTOR', 'NAVE', 5, 419996);
INSERT INTO ESTOQUE(planeta, recurso, turno, quantidade) VALUES ('TRANTOR', 'NAVE', 6, 395656);
INSERT INTO ESTOQUE(planeta, recurso, turno, quantidade) VALUES ('TRANTOR', 'NAVE', 7, 457382);
INSERT INTO ESTOQUE(planeta, recurso, turno, quantidade) VALUES ('TRANTOR', 'ARMA', 0, 400000);
INSERT INTO ESTOQUE(planeta, recurso, turno, quantidade) VALUES ('TRANTOR', 'ARMA', 1, 446302);
INSERT INTO ESTOQUE(planeta, recurso, turno, quantidade) VALUES ('TRANTOR', 'ARMA', 2, 323454);
INSERT INTO ESTOQUE(planeta, recurso, turno, quantidade) VALUES ('TRANTOR', 'ARMA', 3, 336146);
INSERT INTO ESTOQUE(planeta, recurso, turno, quantidade) VALUES ('TRANTOR', 'ARMA', 4, 361675);
INSERT INTO ESTOQUE(planeta, recurso, turno, quantidade) VALUES ('TRANTOR', 'ARMA', 5, 346156);
INSERT INTO ESTOQUE(planeta, recurso, turno, quantidade) VALUES ('TRANTOR', 'ARMA', 6, 395085);
INSERT INTO ESTOQUE(planeta, recurso, turno, quantidade) VALUES ('TRANTOR', 'ARMA', 7, 278966);
INSERT INTO ESTOQUE(planeta, recurso, turno, quantidade) VALUES ('TRANTOR', 'GERADOR', 0, 70);
INSERT INTO ESTOQUE(planeta, recurso, turno, quantidade) VALUES ('TRANTOR', 'GERADOR', 1, 86);
INSERT INTO ESTOQUE(planeta, recurso, turno, quantidade) VALUES ('TRANTOR', 'GERADOR', 2, 81);
INSERT INTO ESTOQUE(planeta, recurso, turno, quantidade) VALUES ('TRANTOR', 'GERADOR', 3, 83);
INSERT INTO ESTOQUE(planeta, recurso, turno, quantidade) VALUES ('TRANTOR', 'GERADOR', 4, 102);
INSERT INTO ESTOQUE(planeta, recurso, turno, quantidade) VALUES ('TRANTOR', 'GERADOR', 5, 84);
INSERT INTO ESTOQUE(planeta, recurso, turno, quantidade) VALUES ('TRANTOR', 'GERADOR', 6, 62);
INSERT INTO ESTOQUE(planeta, recurso, turno, quantidade) VALUES ('TRANTOR', 'GERADOR', 7, 66);
INSERT INTO ESTOQUE(planeta, recurso, turno, quantidade) VALUES ('VILTRUM', 'COMIDA', 0, 100000);
INSERT INTO ESTOQUE(planeta, recurso, turno, quantidade) VALUES ('VILTRUM', 'COMIDA', 1, 97980);
INSERT INTO ESTOQUE(planeta, recurso, turno, quantidade) VALUES ('VILTRUM', 'COMIDA', 2, 95508);
INSERT INTO ESTOQUE(planeta, recurso, turno, quantidade) VALUES ('VILTRUM', 'COMIDA', 3, 87593);
INSERT INTO ESTOQUE(planeta, recurso, turno, quantidade) VALUES ('VILTRUM', 'COMIDA', 4, 109762);
INSERT INTO ESTOQUE(planeta, recurso, turno, quantidade) VALUES ('VILTRUM', 'COMIDA', 5, 99568);
INSERT INTO ESTOQUE(planeta, recurso, turno, quantidade) VALUES ('VILTRUM', 'COMIDA', 6, 125457);
INSERT INTO ESTOQUE(planeta, recurso, turno, quantidade) VALUES ('VILTRUM', 'COMIDA', 7, 153484);
INSERT INTO ESTOQUE(planeta, recurso, turno, quantidade) VALUES ('VILTRUM', 'MADEIRA', 0, 30000);
INSERT INTO ESTOQUE(planeta, recurso, turno, quantidade) VALUES ('VILTRUM', 'MADEIRA', 1, 28075);
INSERT INTO ESTOQUE(planeta, recurso, turno, quantidade) VALUES ('VILTRUM', 'MADEIRA', 2, 21714);
INSERT INTO ESTOQUE(planeta, recurso, turno, quantidade) VALUES ('VILTRUM', 'MADEIRA', 3, 21717);
INSERT INTO ESTOQUE(planeta, recurso, turno, quantidade) VALUES ('VILTRUM', 'MADEIRA', 4, 27395);
INSERT INTO ESTOQUE(planeta, recurso, turno, quantidade) VALUES ('VILTRUM', 'MADEIRA', 5, 30628);
INSERT INTO ESTOQUE(planeta, recurso, turno, quantidade) VALUES ('VILTRUM', 'MADEIRA', 6, 31711);
INSERT INTO ESTOQUE(planeta, recurso, turno, quantidade) VALUES ('VILTRUM', 'MADEIRA', 7, 23420);
INSERT INTO ESTOQUE(planeta, recurso, turno, quantidade) VALUES ('VILTRUM', 'PEDRA', 0, 50000);
INSERT INTO ESTOQUE(planeta, recurso, turno, quantidade) VALUES ('VILTRUM', 'PEDRA', 1, 52246);
INSERT INTO ESTOQUE(planeta, recurso, turno, quantidade) VALUES ('VILTRUM', 'PEDRA', 2, 58332);
INSERT INTO ESTOQUE(planeta, recurso, turno, quantidade) VALUES ('VILTRUM', 'PEDRA', 3, 71332);
INSERT INTO ESTOQUE(planeta, recurso, turno, quantidade) VALUES ('VILTRUM', 'PEDRA', 4, 89371);
INSERT INTO ESTOQUE(planeta, recurso, turno, quantidade) VALUES ('VILTRUM', 'PEDRA', 5, 71515);
INSERT INTO ESTOQUE(planeta, recurso, turno, quantidade) VALUES ('VILTRUM', 'PEDRA', 6, 82335);
INSERT INTO ESTOQUE(planeta, recurso, turno, quantidade) VALUES ('VILTRUM', 'PEDRA', 7, 82058);
INSERT INTO ESTOQUE(planeta, recurso, turno, quantidade) VALUES ('VILTRUM', 'MINERIO', 0, 100000);
INSERT INTO ESTOQUE(planeta, recurso, turno, quantidade) VALUES ('VILTRUM', 'MINERIO', 1, 99781);
INSERT INTO ESTOQUE(planeta, recurso, turno, quantidade) VALUES ('VILTRUM', 'MINERIO', 2, 79860);
INSERT INTO ESTOQUE(planeta, recurso, turno, quantidade) VALUES ('VILTRUM', 'MINERIO', 3, 63388);
INSERT INTO ESTOQUE(planeta, recurso, turno, quantidade) VALUES ('VILTRUM', 'MINERIO', 4, 65693);
INSERT INTO ESTOQUE(planeta, recurso, turno, quantidade) VALUES ('VILTRUM', 'MINERIO', 5, 64940);
INSERT INTO ESTOQUE(planeta, recurso, turno, quantidade) VALUES ('VILTRUM', 'MINERIO', 6, 78003);
INSERT INTO ESTOQUE(planeta, recurso, turno, quantidade) VALUES ('VILTRUM', 'MINERIO', 7, 75820);
INSERT INTO ESTOQUE(planeta, recurso, turno, quantidade) VALUES ('VILTRUM', 'CHIP', 0, 200000);
INSERT INTO ESTOQUE(planeta, recurso, turno, quantidade) VALUES ('VILTRUM', 'CHIP', 1, 150304);
INSERT INTO ESTOQUE(planeta, recurso, turno, quantidade) VALUES ('VILTRUM', 'CHIP', 2, 146547);
INSERT INTO ESTOQUE(planeta, recurso, turno, quantidade) VALUES ('VILTRUM', 'CHIP', 3, 188990);
INSERT INTO ESTOQUE(planeta, recurso, turno, quantidade) VALUES ('VILTRUM', 'CHIP', 4, 215561);
INSERT INTO ESTOQUE(planeta, recurso, turno, quantidade) VALUES ('VILTRUM', 'CHIP', 5, 158323);
INSERT INTO ESTOQUE(planeta, recurso, turno, quantidade) VALUES ('VILTRUM', 'CHIP', 6, 140907);
INSERT INTO ESTOQUE(planeta, recurso, turno, quantidade) VALUES ('VILTRUM', 'CHIP', 7, 159966);
INSERT INTO ESTOQUE(planeta, recurso, turno, quantidade) VALUES ('VILTRUM', 'NAVE', 0, 150000);
INSERT INTO ESTOQUE(planeta, recurso, turno, quantidade) VALUES ('VILTRUM', 'NAVE', 1, 154808);
INSERT INTO ESTOQUE(planeta, recurso, turno, quantidade) VALUES ('VILTRUM', 'NAVE', 2, 170688);
INSERT INTO ESTOQUE(planeta, recurso, turno, quantidade) VALUES ('VILTRUM', 'NAVE', 3, 172156);
INSERT INTO ESTOQUE(planeta, recurso, turno, quantidade) VALUES ('VILTRUM', 'NAVE', 4, 194614);
INSERT INTO ESTOQUE(planeta, recurso, turno, quantidade) VALUES ('VILTRUM', 'NAVE', 5, 234802);
INSERT INTO ESTOQUE(planeta, recurso, turno, quantidade) VALUES ('VILTRUM', 'NAVE', 6, 270436);
INSERT INTO ESTOQUE(planeta, recurso, turno, quantidade) VALUES ('VILTRUM', 'NAVE', 7, 227697);
INSERT INTO ESTOQUE(planeta, recurso, turno, quantidade) VALUES ('VILTRUM', 'ARMA', 0, 250000);
INSERT INTO ESTOQUE(planeta, recurso, turno, quantidade) VALUES ('VILTRUM', 'ARMA', 1, 289758);
INSERT INTO ESTOQUE(planeta, recurso, turno, quantidade) VALUES ('VILTRUM', 'ARMA', 2, 208156);
INSERT INTO ESTOQUE(planeta, recurso, turno, quantidade) VALUES ('VILTRUM', 'ARMA', 3, 156971);
INSERT INTO ESTOQUE(planeta, recurso, turno, quantidade) VALUES ('VILTRUM', 'ARMA', 4, 146034);
INSERT INTO ESTOQUE(planeta, recurso, turno, quantidade) VALUES ('VILTRUM', 'ARMA', 5, 152548);
INSERT INTO ESTOQUE(planeta, recurso, turno, quantidade) VALUES ('VILTRUM', 'ARMA', 6, 125572);
INSERT INTO ESTOQUE(planeta, recurso, turno, quantidade) VALUES ('VILTRUM', 'ARMA', 7, 133808);
INSERT INTO ESTOQUE(planeta, recurso, turno, quantidade) VALUES ('VILTRUM', 'GERADOR', 0, 20);
INSERT INTO ESTOQUE(planeta, recurso, turno, quantidade) VALUES ('VILTRUM', 'GERADOR', 1, 23);
INSERT INTO ESTOQUE(planeta, recurso, turno, quantidade) VALUES ('VILTRUM', 'GERADOR', 2, 29);
INSERT INTO ESTOQUE(planeta, recurso, turno, quantidade) VALUES ('VILTRUM', 'GERADOR', 3, 35);
INSERT INTO ESTOQUE(planeta, recurso, turno, quantidade) VALUES ('VILTRUM', 'GERADOR', 4, 31);
INSERT INTO ESTOQUE(planeta, recurso, turno, quantidade) VALUES ('VILTRUM', 'GERADOR', 5, 39);
INSERT INTO ESTOQUE(planeta, recurso, turno, quantidade) VALUES ('VILTRUM', 'GERADOR', 6, 35);
INSERT INTO ESTOQUE(planeta, recurso, turno, quantidade) VALUES ('VILTRUM', 'GERADOR', 7, 37);
INSERT INTO ESTOQUE(planeta, recurso, turno, quantidade) VALUES ('VULCAN', 'COMIDA', 0, 150000);
INSERT INTO ESTOQUE(planeta, recurso, turno, quantidade) VALUES ('VULCAN', 'COMIDA', 1, 173739);
INSERT INTO ESTOQUE(planeta, recurso, turno, quantidade) VALUES ('VULCAN', 'COMIDA', 2, 163737);
INSERT INTO ESTOQUE(planeta, recurso, turno, quantidade) VALUES ('VULCAN', 'COMIDA', 3, 147238);
INSERT INTO ESTOQUE(planeta, recurso, turno, quantidade) VALUES ('VULCAN', 'COMIDA', 4, 185941);
INSERT INTO ESTOQUE(planeta, recurso, turno, quantidade) VALUES ('VULCAN', 'COMIDA', 5, 165144);
INSERT INTO ESTOQUE(planeta, recurso, turno, quantidade) VALUES ('VULCAN', 'COMIDA', 6, 139122);
INSERT INTO ESTOQUE(planeta, recurso, turno, quantidade) VALUES ('VULCAN', 'COMIDA', 7, 112401);
INSERT INTO ESTOQUE(planeta, recurso, turno, quantidade) VALUES ('VULCAN', 'MADEIRA', 0, 40000);
INSERT INTO ESTOQUE(planeta, recurso, turno, quantidade) VALUES ('VULCAN', 'MADEIRA', 1, 32465);
INSERT INTO ESTOQUE(planeta, recurso, turno, quantidade) VALUES ('VULCAN', 'MADEIRA', 2, 25385);
INSERT INTO ESTOQUE(planeta, recurso, turno, quantidade) VALUES ('VULCAN', 'MADEIRA', 3, 19792);
INSERT INTO ESTOQUE(planeta, recurso, turno, quantidade) VALUES ('VULCAN', 'MADEIRA', 4, 22499);
INSERT INTO ESTOQUE(planeta, recurso, turno, quantidade) VALUES ('VULCAN', 'MADEIRA', 5, 16037);
INSERT INTO ESTOQUE(planeta, recurso, turno, quantidade) VALUES ('VULCAN', 'MADEIRA', 6, 17927);
INSERT INTO ESTOQUE(planeta, recurso, turno, quantidade) VALUES ('VULCAN', 'MADEIRA', 7, 14473);
INSERT INTO ESTOQUE(planeta, recurso, turno, quantidade) VALUES ('VULCAN', 'PEDRA', 0, 80000);
INSERT INTO ESTOQUE(planeta, recurso, turno, quantidade) VALUES ('VULCAN', 'PEDRA', 1, 62761);
INSERT INTO ESTOQUE(planeta, recurso, turno, quantidade) VALUES ('VULCAN', 'PEDRA', 2, 52324);
INSERT INTO ESTOQUE(planeta, recurso, turno, quantidade) VALUES ('VULCAN', 'PEDRA', 3, 61695);
INSERT INTO ESTOQUE(planeta, recurso, turno, quantidade) VALUES ('VULCAN', 'PEDRA', 4, 67833);
INSERT INTO ESTOQUE(planeta, recurso, turno, quantidade) VALUES ('VULCAN', 'PEDRA', 5, 75164);
INSERT INTO ESTOQUE(planeta, recurso, turno, quantidade) VALUES ('VULCAN', 'PEDRA', 6, 87983);
INSERT INTO ESTOQUE(planeta, recurso, turno, quantidade) VALUES ('VULCAN', 'PEDRA', 7, 66562);
INSERT INTO ESTOQUE(planeta, recurso, turno, quantidade) VALUES ('VULCAN', 'MINERIO', 0, 120000);
INSERT INTO ESTOQUE(planeta, recurso, turno, quantidade) VALUES ('VULCAN', 'MINERIO', 1, 131497);
INSERT INTO ESTOQUE(planeta, recurso, turno, quantidade) VALUES ('VULCAN', 'MINERIO', 2, 143814);
INSERT INTO ESTOQUE(planeta, recurso, turno, quantidade) VALUES ('VULCAN', 'MINERIO', 3, 135222);
INSERT INTO ESTOQUE(planeta, recurso, turno, quantidade) VALUES ('VULCAN', 'MINERIO', 4, 142816);
INSERT INTO ESTOQUE(planeta, recurso, turno, quantidade) VALUES ('VULCAN', 'MINERIO', 5, 177787);
INSERT INTO ESTOQUE(planeta, recurso, turno, quantidade) VALUES ('VULCAN', 'MINERIO', 6, 129742);
INSERT INTO ESTOQUE(planeta, recurso, turno, quantidade) VALUES ('VULCAN', 'MINERIO', 7, 130688);
INSERT INTO ESTOQUE(planeta, recurso, turno, quantidade) VALUES ('VULCAN', 'CHIP', 0, 400000);
INSERT INTO ESTOQUE(planeta, recurso, turno, quantidade) VALUES ('VULCAN', 'CHIP', 1, 393848);
INSERT INTO ESTOQUE(planeta, recurso, turno, quantidade) VALUES ('VULCAN', 'CHIP', 2, 315370);
INSERT INTO ESTOQUE(planeta, recurso, turno, quantidade) VALUES ('VULCAN', 'CHIP', 3, 407950);
INSERT INTO ESTOQUE(planeta, recurso, turno, quantidade) VALUES ('VULCAN', 'CHIP', 4, 336091);
INSERT INTO ESTOQUE(planeta, recurso, turno, quantidade) VALUES ('VULCAN', 'CHIP', 5, 305911);
INSERT INTO ESTOQUE(planeta, recurso, turno, quantidade) VALUES ('VULCAN', 'CHIP', 6, 368624);
INSERT INTO ESTOQUE(planeta, recurso, turno, quantidade) VALUES ('VULCAN', 'CHIP', 7, 329520);
INSERT INTO ESTOQUE(planeta, recurso, turno, quantidade) VALUES ('VULCAN', 'NAVE', 0, 300000);
INSERT INTO ESTOQUE(planeta, recurso, turno, quantidade) VALUES ('VULCAN', 'NAVE', 1, 243376);
INSERT INTO ESTOQUE(planeta, recurso, turno, quantidade) VALUES ('VULCAN', 'NAVE', 2, 258644);
INSERT INTO ESTOQUE(planeta, recurso, turno, quantidade) VALUES ('VULCAN', 'NAVE', 3, 228033);
INSERT INTO ESTOQUE(planeta, recurso, turno, quantidade) VALUES ('VULCAN', 'NAVE', 4, 239281);
INSERT INTO ESTOQUE(planeta, recurso, turno, quantidade) VALUES ('VULCAN', 'NAVE', 5, 272924);
INSERT INTO ESTOQUE(planeta, recurso, turno, quantidade) VALUES ('VULCAN', 'NAVE', 6, 310561);
INSERT INTO ESTOQUE(planeta, recurso, turno, quantidade) VALUES ('VULCAN', 'NAVE', 7, 262853);
INSERT INTO ESTOQUE(planeta, recurso, turno, quantidade) VALUES ('VULCAN', 'ARMA', 0, 150000);
INSERT INTO ESTOQUE(planeta, recurso, turno, quantidade) VALUES ('VULCAN', 'ARMA', 1, 189054);
INSERT INTO ESTOQUE(planeta, recurso, turno, quantidade) VALUES ('VULCAN', 'ARMA', 2, 133154);
INSERT INTO ESTOQUE(planeta, recurso, turno, quantidade) VALUES ('VULCAN', 'ARMA', 3, 147174);
INSERT INTO ESTOQUE(planeta, recurso, turno, quantidade) VALUES ('VULCAN', 'ARMA', 4, 150594);
INSERT INTO ESTOQUE(planeta, recurso, turno, quantidade) VALUES ('VULCAN', 'ARMA', 5, 134794);
INSERT INTO ESTOQUE(planeta, recurso, turno, quantidade) VALUES ('VULCAN', 'ARMA', 6, 122501);
INSERT INTO ESTOQUE(planeta, recurso, turno, quantidade) VALUES ('VULCAN', 'ARMA', 7, 113326);
INSERT INTO ESTOQUE(planeta, recurso, turno, quantidade) VALUES ('VULCAN', 'GERADOR', 0, 40);
INSERT INTO ESTOQUE(planeta, recurso, turno, quantidade) VALUES ('VULCAN', 'GERADOR', 1, 47);
INSERT INTO ESTOQUE(planeta, recurso, turno, quantidade) VALUES ('VULCAN', 'GERADOR', 2, 55);
INSERT INTO ESTOQUE(planeta, recurso, turno, quantidade) VALUES ('VULCAN', 'GERADOR', 3, 46);
INSERT INTO ESTOQUE(planeta, recurso, turno, quantidade) VALUES ('VULCAN', 'GERADOR', 4, 48);
INSERT INTO ESTOQUE(planeta, recurso, turno, quantidade) VALUES ('VULCAN', 'GERADOR', 5, 44);
INSERT INTO ESTOQUE(planeta, recurso, turno, quantidade) VALUES ('VULCAN', 'GERADOR', 6, 37);
INSERT INTO ESTOQUE(planeta, recurso, turno, quantidade) VALUES ('VULCAN', 'GERADOR', 7, 28);


-- [12] CONSTRUCAO
INSERT INTO CONSTRUCAO(planeta, estrutura, turno, quantidade) VALUES ('TERRA', 'BATALHAO', 3, 224);
INSERT INTO CONSTRUCAO(planeta, estrutura, turno, quantidade) VALUES ('TERRA', 'UNIVERSIDADE', 3, 178);
INSERT INTO CONSTRUCAO(planeta, estrutura, turno, quantidade) VALUES ('TERRA', 'FAZENDA', 3, 137);
INSERT INTO CONSTRUCAO(planeta, estrutura, turno, quantidade) VALUES ('TERRA', 'PEDREIRA', 3, 77);
INSERT INTO CONSTRUCAO(planeta, estrutura, turno, quantidade) VALUES ('TERRA', 'LENHA', 3, 224);
INSERT INTO CONSTRUCAO(planeta, estrutura, turno, quantidade) VALUES ('TERRA', 'MADEIREIRA', 3, 1);
INSERT INTO CONSTRUCAO(planeta, estrutura, turno, quantidade) VALUES ('TERRA', 'FABRICA DE CHIP', 3, 2);
INSERT INTO CONSTRUCAO(planeta, estrutura, turno, quantidade) VALUES ('TERRA', 'FABRICA DE NAVE', 3, 5);
INSERT INTO CONSTRUCAO(planeta, estrutura, turno, quantidade) VALUES ('TRANTOR', 'BATALHAO', 3, 114);
INSERT INTO CONSTRUCAO(planeta, estrutura, turno, quantidade) VALUES ('TRANTOR', 'UNIVERSIDADE', 3, 46);
INSERT INTO CONSTRUCAO(planeta, estrutura, turno, quantidade) VALUES ('TRANTOR', 'FAZENDA', 3, 42);
INSERT INTO CONSTRUCAO(planeta, estrutura, turno, quantidade) VALUES ('TRANTOR', 'PEDREIRA', 3, 36);
INSERT INTO CONSTRUCAO(planeta, estrutura, turno, quantidade) VALUES ('TRANTOR', 'LENHA', 3, 91);
INSERT INTO CONSTRUCAO(planeta, estrutura, turno, quantidade) VALUES ('KRYPTON', 'BATALHAO', 3, 176);
INSERT INTO CONSTRUCAO(planeta, estrutura, turno, quantidade) VALUES ('KRYPTON', 'UNIVERSIDADE', 3, 224);
INSERT INTO CONSTRUCAO(planeta, estrutura, turno, quantidade) VALUES ('KRYPTON', 'FAZENDA', 3, 179);
INSERT INTO CONSTRUCAO(planeta, estrutura, turno, quantidade) VALUES ('KRYPTON', 'PEDREIRA', 3, 106);
INSERT INTO CONSTRUCAO(planeta, estrutura, turno, quantidade) VALUES ('KRYPTON', 'LENHA', 3, 190);
INSERT INTO CONSTRUCAO(planeta, estrutura, turno, quantidade) VALUES ('VILTRUM', 'BATALHAO', 3, 58);
INSERT INTO CONSTRUCAO(planeta, estrutura, turno, quantidade) VALUES ('VILTRUM', 'UNIVERSIDADE', 3, 201);
INSERT INTO CONSTRUCAO(planeta, estrutura, turno, quantidade) VALUES ('VILTRUM', 'FAZENDA', 3, 16);
INSERT INTO CONSTRUCAO(planeta, estrutura, turno, quantidade) VALUES ('VILTRUM', 'PEDREIRA', 3, 43);
INSERT INTO CONSTRUCAO(planeta, estrutura, turno, quantidade) VALUES ('VILTRUM', 'LENHA', 3, 210);
INSERT INTO CONSTRUCAO(planeta, estrutura, turno, quantidade) VALUES ('ARRAKIS', 'BATALHAO', 3, 83);
INSERT INTO CONSTRUCAO(planeta, estrutura, turno, quantidade) VALUES ('ARRAKIS', 'UNIVERSIDADE', 3, 118);
INSERT INTO CONSTRUCAO(planeta, estrutura, turno, quantidade) VALUES ('ARRAKIS', 'FAZENDA', 3, 235);
INSERT INTO CONSTRUCAO(planeta, estrutura, turno, quantidade) VALUES ('ARRAKIS', 'PEDREIRA', 3, 89);
INSERT INTO CONSTRUCAO(planeta, estrutura, turno, quantidade) VALUES ('ARRAKIS', 'LENHA', 3, 217);
INSERT INTO CONSTRUCAO(planeta, estrutura, turno, quantidade) VALUES ('TERRA', 'BATALHAO', 5, 206);
INSERT INTO CONSTRUCAO(planeta, estrutura, turno, quantidade) VALUES ('TERRA', 'UNIVERSIDADE', 5, 147);
INSERT INTO CONSTRUCAO(planeta, estrutura, turno, quantidade) VALUES ('TERRA', 'FAZENDA', 5, 234);
INSERT INTO CONSTRUCAO(planeta, estrutura, turno, quantidade) VALUES ('TERRA', 'PEDREIRA', 5, 184);
INSERT INTO CONSTRUCAO(planeta, estrutura, turno, quantidade) VALUES ('TERRA', 'LENHA', 5, 4);
INSERT INTO CONSTRUCAO(planeta, estrutura, turno, quantidade) VALUES ('TERRA', 'MADEIREIRA', 5, 10);
INSERT INTO CONSTRUCAO(planeta, estrutura, turno, quantidade) VALUES ('TERRA', 'FABRICA DE CHIP', 5, 3);
INSERT INTO CONSTRUCAO(planeta, estrutura, turno, quantidade) VALUES ('TERRA', 'FABRICA DE NAVE', 5, 25);
INSERT INTO CONSTRUCAO(planeta, estrutura, turno, quantidade) VALUES ('TERRA', 'FABRICA DE GERADOR', 5, 1);
INSERT INTO CONSTRUCAO(planeta, estrutura, turno, quantidade) VALUES ('TRANTOR', 'BATALHAO', 5, 132);
INSERT INTO CONSTRUCAO(planeta, estrutura, turno, quantidade) VALUES ('TRANTOR', 'UNIVERSIDADE', 5, 121);
INSERT INTO CONSTRUCAO(planeta, estrutura, turno, quantidade) VALUES ('TRANTOR', 'FAZENDA', 5, 132);
INSERT INTO CONSTRUCAO(planeta, estrutura, turno, quantidade) VALUES ('TRANTOR', 'PEDREIRA', 5, 26);
INSERT INTO CONSTRUCAO(planeta, estrutura, turno, quantidade) VALUES ('TRANTOR', 'LENHA', 5, 225);
INSERT INTO CONSTRUCAO(planeta, estrutura, turno, quantidade) VALUES ('KRYPTON', 'BATALHAO', 5, 67);
INSERT INTO CONSTRUCAO(planeta, estrutura, turno, quantidade) VALUES ('KRYPTON', 'UNIVERSIDADE', 5, 162);
INSERT INTO CONSTRUCAO(planeta, estrutura, turno, quantidade) VALUES ('KRYPTON', 'FAZENDA', 5, 105);
INSERT INTO CONSTRUCAO(planeta, estrutura, turno, quantidade) VALUES ('KRYPTON', 'PEDREIRA', 5, 175);
INSERT INTO CONSTRUCAO(planeta, estrutura, turno, quantidade) VALUES ('KRYPTON', 'LENHA', 5, 1);
INSERT INTO CONSTRUCAO(planeta, estrutura, turno, quantidade) VALUES ('VILTRUM', 'BATALHAO', 5, 220);
INSERT INTO CONSTRUCAO(planeta, estrutura, turno, quantidade) VALUES ('VILTRUM', 'UNIVERSIDADE', 5, 96);
INSERT INTO CONSTRUCAO(planeta, estrutura, turno, quantidade) VALUES ('VILTRUM', 'FAZENDA', 5, 174);
INSERT INTO CONSTRUCAO(planeta, estrutura, turno, quantidade) VALUES ('VILTRUM', 'PEDREIRA', 5, 121);
INSERT INTO CONSTRUCAO(planeta, estrutura, turno, quantidade) VALUES ('VILTRUM', 'LENHA', 5, 126);
INSERT INTO CONSTRUCAO(planeta, estrutura, turno, quantidade) VALUES ('ARRAKIS', 'BATALHAO', 5, 118);
INSERT INTO CONSTRUCAO(planeta, estrutura, turno, quantidade) VALUES ('ARRAKIS', 'UNIVERSIDADE', 5, 12);
INSERT INTO CONSTRUCAO(planeta, estrutura, turno, quantidade) VALUES ('ARRAKIS', 'FAZENDA', 5, 195);
INSERT INTO CONSTRUCAO(planeta, estrutura, turno, quantidade) VALUES ('ARRAKIS', 'PEDREIRA', 5, 216);
INSERT INTO CONSTRUCAO(planeta, estrutura, turno, quantidade) VALUES ('ARRAKIS', 'LENHA', 5, 85);
INSERT INTO CONSTRUCAO(planeta, estrutura, turno, quantidade) VALUES ('TATOOINE', 'BATALHAO', 5, 106);
INSERT INTO CONSTRUCAO(planeta, estrutura, turno, quantidade) VALUES ('TATOOINE', 'UNIVERSIDADE', 5, 179);
INSERT INTO CONSTRUCAO(planeta, estrutura, turno, quantidade) VALUES ('TATOOINE', 'FAZENDA', 5, 217);
INSERT INTO CONSTRUCAO(planeta, estrutura, turno, quantidade) VALUES ('TATOOINE', 'PEDREIRA', 5, 23);
INSERT INTO CONSTRUCAO(planeta, estrutura, turno, quantidade) VALUES ('TATOOINE', 'LENHA', 5, 179);
INSERT INTO CONSTRUCAO(planeta, estrutura, turno, quantidade) VALUES ('VULCAN', 'BATALHAO', 5, 164);
INSERT INTO CONSTRUCAO(planeta, estrutura, turno, quantidade) VALUES ('VULCAN', 'UNIVERSIDADE', 5, 101);
INSERT INTO CONSTRUCAO(planeta, estrutura, turno, quantidade) VALUES ('VULCAN', 'FAZENDA', 5, 228);
INSERT INTO CONSTRUCAO(planeta, estrutura, turno, quantidade) VALUES ('VULCAN', 'PEDREIRA', 5, 122);
INSERT INTO CONSTRUCAO(planeta, estrutura, turno, quantidade) VALUES ('VULCAN', 'LENHA', 5, 244);


-- [13] POVO
INSERT INTO POVO(planeta, especie, tipo, turno, qtd) VALUES ('ARRAKIS', 'FREMEN', 'CIVIL', 0, 58000000);
INSERT INTO POVO(planeta, especie, tipo, turno, qtd) VALUES ('ARRAKIS', 'FREMEN', 'MILITAR', 0, 39060000);
INSERT INTO POVO(planeta, especie, tipo, turno, qtd) VALUES ('ARRAKIS', 'FREMEN', 'CIENTISTA', 0, 2940000);
INSERT INTO POVO(planeta, especie, tipo, turno, qtd) VALUES ('ARRAKIS', 'FREMEN', 'CIVIL', 1, 51155816);
INSERT INTO POVO(planeta, especie, tipo, turno, qtd) VALUES ('ARRAKIS', 'FREMEN', 'MILITAR', 1, 50486150);
INSERT INTO POVO(planeta, especie, tipo, turno, qtd) VALUES ('ARRAKIS', 'FREMEN', 'CIENTISTA', 1, 3362296);
INSERT INTO POVO(planeta, especie, tipo, turno, qtd) VALUES ('ARRAKIS', 'FREMEN', 'CIVIL', 2, 36734799);
INSERT INTO POVO(planeta, especie, tipo, turno, qtd) VALUES ('ARRAKIS', 'FREMEN', 'MILITAR', 2, 75432458);
INSERT INTO POVO(planeta, especie, tipo, turno, qtd) VALUES ('ARRAKIS', 'FREMEN', 'CIENTISTA', 2, 2654479);
INSERT INTO POVO(planeta, especie, tipo, turno, qtd) VALUES ('ARRAKIS', 'FREMEN', 'CIVIL', 3, 28863098);
INSERT INTO POVO(planeta, especie, tipo, turno, qtd) VALUES ('ARRAKIS', 'FREMEN', 'MILITAR', 3, 68384003);
INSERT INTO POVO(planeta, especie, tipo, turno, qtd) VALUES ('ARRAKIS', 'FREMEN', 'CIENTISTA', 3, 2133302);
INSERT INTO POVO(planeta, especie, tipo, turno, qtd) VALUES ('ARRAKIS', 'FREMEN', 'CIVIL', 4, 31460655);
INSERT INTO POVO(planeta, especie, tipo, turno, qtd) VALUES ('ARRAKIS', 'FREMEN', 'MILITAR', 4, 94813818);
INSERT INTO POVO(planeta, especie, tipo, turno, qtd) VALUES ('ARRAKIS', 'FREMEN', 'CIENTISTA', 4, 2002468);
INSERT INTO POVO(planeta, especie, tipo, turno, qtd) VALUES ('ARRAKIS', 'FREMEN', 'CIVIL', 5, 41772963);
INSERT INTO POVO(planeta, especie, tipo, turno, qtd) VALUES ('ARRAKIS', 'FREMEN', 'MILITAR', 5, 69209071);
INSERT INTO POVO(planeta, especie, tipo, turno, qtd) VALUES ('ARRAKIS', 'FREMEN', 'CIENTISTA', 5, 2791359);
INSERT INTO POVO(planeta, especie, tipo, turno, qtd) VALUES ('ARRAKIS', 'FREMEN', 'CIVIL', 6, 35009133);
INSERT INTO POVO(planeta, especie, tipo, turno, qtd) VALUES ('ARRAKIS', 'FREMEN', 'MILITAR', 6, 69041747);
INSERT INTO POVO(planeta, especie, tipo, turno, qtd) VALUES ('ARRAKIS', 'FREMEN', 'CIENTISTA', 6, 1957864);
INSERT INTO POVO(planeta, especie, tipo, turno, qtd) VALUES ('ARRAKIS', 'FREMEN', 'CIVIL', 7, 24107603);
INSERT INTO POVO(planeta, especie, tipo, turno, qtd) VALUES ('ARRAKIS', 'FREMEN', 'MILITAR', 7, 46511585);
INSERT INTO POVO(planeta, especie, tipo, turno, qtd) VALUES ('ARRAKIS', 'FREMEN', 'CIENTISTA', 7, 1644179);
INSERT INTO POVO(planeta, especie, tipo, turno, qtd) VALUES ('KRYPTON', 'KRYPTONIANS', 'CIVIL', 0, 500000);
INSERT INTO POVO(planeta, especie, tipo, turno, qtd) VALUES ('KRYPTON', 'KRYPTONIANS', 'MILITAR', 0, 800000);
INSERT INTO POVO(planeta, especie, tipo, turno, qtd) VALUES ('KRYPTON', 'KRYPTONIANS', 'CIENTISTA', 0, 200000);
INSERT INTO POVO(planeta, especie, tipo, turno, qtd) VALUES ('KRYPTON', 'KRYPTONIANS', 'CIVIL', 1, 449309);
INSERT INTO POVO(planeta, especie, tipo, turno, qtd) VALUES ('KRYPTON', 'KRYPTONIANS', 'MILITAR', 1, 1116465);
INSERT INTO POVO(planeta, especie, tipo, turno, qtd) VALUES ('KRYPTON', 'KRYPTONIANS', 'CIENTISTA', 1, 127794);
INSERT INTO POVO(planeta, especie, tipo, turno, qtd) VALUES ('KRYPTON', 'KRYPTONIANS', 'CIVIL', 2, 350793);
INSERT INTO POVO(planeta, especie, tipo, turno, qtd) VALUES ('KRYPTON', 'KRYPTONIANS', 'MILITAR', 2, 1622550);
INSERT INTO POVO(planeta, especie, tipo, turno, qtd) VALUES ('KRYPTON', 'KRYPTONIANS', 'CIENTISTA', 2, 190945);
INSERT INTO POVO(planeta, especie, tipo, turno, qtd) VALUES ('KRYPTON', 'KRYPTONIANS', 'CIVIL', 3, 374138);
INSERT INTO POVO(planeta, especie, tipo, turno, qtd) VALUES ('KRYPTON', 'KRYPTONIANS', 'MILITAR', 3, 2080867);
INSERT INTO POVO(planeta, especie, tipo, turno, qtd) VALUES ('KRYPTON', 'KRYPTONIANS', 'CIENTISTA', 3, 274125);
INSERT INTO POVO(planeta, especie, tipo, turno, qtd) VALUES ('KRYPTON', 'KRYPTONIANS', 'CIVIL', 4, 503241);
INSERT INTO POVO(planeta, especie, tipo, turno, qtd) VALUES ('KRYPTON', 'KRYPTONIANS', 'MILITAR', 4, 2542375);
INSERT INTO POVO(planeta, especie, tipo, turno, qtd) VALUES ('KRYPTON', 'KRYPTONIANS', 'CIENTISTA', 4, 215749);
INSERT INTO POVO(planeta, especie, tipo, turno, qtd) VALUES ('KRYPTON', 'KRYPTONIANS', 'CIVIL', 5, 448366);
INSERT INTO POVO(planeta, especie, tipo, turno, qtd) VALUES ('KRYPTON', 'KRYPTONIANS', 'MILITAR', 5, 1367711);
INSERT INTO POVO(planeta, especie, tipo, turno, qtd) VALUES ('KRYPTON', 'KRYPTONIANS', 'CIENTISTA', 5, 184226);
INSERT INTO POVO(planeta, especie, tipo, turno, qtd) VALUES ('KRYPTON', 'KRYPTONIANS', 'CIVIL', 6, 669683);
INSERT INTO POVO(planeta, especie, tipo, turno, qtd) VALUES ('KRYPTON', 'KRYPTONIANS', 'MILITAR', 6, 1649716);
INSERT INTO POVO(planeta, especie, tipo, turno, qtd) VALUES ('KRYPTON', 'KRYPTONIANS', 'CIENTISTA', 6, 96834);
INSERT INTO POVO(planeta, especie, tipo, turno, qtd) VALUES ('KRYPTON', 'KRYPTONIANS', 'CIVIL', 7, 433583);
INSERT INTO POVO(planeta, especie, tipo, turno, qtd) VALUES ('KRYPTON', 'KRYPTONIANS', 'MILITAR', 7, 1354774);
INSERT INTO POVO(planeta, especie, tipo, turno, qtd) VALUES ('KRYPTON', 'KRYPTONIANS', 'CIENTISTA', 7, 131281);
INSERT INTO POVO(planeta, especie, tipo, turno, qtd) VALUES ('PANDORA', 'NAVI', 'CIVIL', 0, 13500000);
INSERT INTO POVO(planeta, especie, tipo, turno, qtd) VALUES ('PANDORA', 'NAVI', 'MILITAR', 0, 7665000);
INSERT INTO POVO(planeta, especie, tipo, turno, qtd) VALUES ('PANDORA', 'NAVI', 'CIENTISTA', 0, 28835000);
INSERT INTO POVO(planeta, especie, tipo, turno, qtd) VALUES ('PANDORA', 'NAVI', 'CIVIL', 1, 18295072);
INSERT INTO POVO(planeta, especie, tipo, turno, qtd) VALUES ('PANDORA', 'NAVI', 'MILITAR', 1, 7003612);
INSERT INTO POVO(planeta, especie, tipo, turno, qtd) VALUES ('PANDORA', 'NAVI', 'CIENTISTA', 1, 29448685);
INSERT INTO POVO(planeta, especie, tipo, turno, qtd) VALUES ('PANDORA', 'NAVI', 'CIVIL', 2, 12145182);
INSERT INTO POVO(planeta, especie, tipo, turno, qtd) VALUES ('PANDORA', 'NAVI', 'MILITAR', 2, 10040456);
INSERT INTO POVO(planeta, especie, tipo, turno, qtd) VALUES ('PANDORA', 'NAVI', 'CIENTISTA', 2, 32062823);
INSERT INTO POVO(planeta, especie, tipo, turno, qtd) VALUES ('PANDORA', 'NAVI', 'CIVIL', 3, 9652411);
INSERT INTO POVO(planeta, especie, tipo, turno, qtd) VALUES ('PANDORA', 'NAVI', 'MILITAR', 3, 13436391);
INSERT INTO POVO(planeta, especie, tipo, turno, qtd) VALUES ('PANDORA', 'NAVI', 'CIENTISTA', 3, 21518709);
INSERT INTO POVO(planeta, especie, tipo, turno, qtd) VALUES ('PANDORA', 'NAVI', 'CIVIL', 4, 8340145);
INSERT INTO POVO(planeta, especie, tipo, turno, qtd) VALUES ('PANDORA', 'NAVI', 'MILITAR', 4, 19378237);
INSERT INTO POVO(planeta, especie, tipo, turno, qtd) VALUES ('PANDORA', 'NAVI', 'CIENTISTA', 4, 25372453);
INSERT INTO POVO(planeta, especie, tipo, turno, qtd) VALUES ('PANDORA', 'NAVI', 'CIVIL', 5, 4465739);
INSERT INTO POVO(planeta, especie, tipo, turno, qtd) VALUES ('PANDORA', 'NAVI', 'MILITAR', 5, 20640531);
INSERT INTO POVO(planeta, especie, tipo, turno, qtd) VALUES ('PANDORA', 'NAVI', 'CIENTISTA', 5, 26111710);
INSERT INTO POVO(planeta, especie, tipo, turno, qtd) VALUES ('PANDORA', 'NAVI', 'CIVIL', 6, 2451411);
INSERT INTO POVO(planeta, especie, tipo, turno, qtd) VALUES ('PANDORA', 'NAVI', 'MILITAR', 6, 10703155);
INSERT INTO POVO(planeta, especie, tipo, turno, qtd) VALUES ('PANDORA', 'NAVI', 'CIENTISTA', 6, 18692006);
INSERT INTO POVO(planeta, especie, tipo, turno, qtd) VALUES ('PANDORA', 'NAVI', 'CIVIL', 7, 3146827);
INSERT INTO POVO(planeta, especie, tipo, turno, qtd) VALUES ('PANDORA', 'NAVI', 'MILITAR', 7, 9629876);
INSERT INTO POVO(planeta, especie, tipo, turno, qtd) VALUES ('PANDORA', 'NAVI', 'CIENTISTA', 7, 23734416);
INSERT INTO POVO(planeta, especie, tipo, turno, qtd) VALUES ('TATOOINE', 'KLINGONS', 'CIVIL', 0, 13800000);
INSERT INTO POVO(planeta, especie, tipo, turno, qtd) VALUES ('TATOOINE', 'KLINGONS', 'MILITAR', 0, 5518000);
INSERT INTO POVO(planeta, especie, tipo, turno, qtd) VALUES ('TATOOINE', 'KLINGONS', 'CIENTISTA', 0, 682000);
INSERT INTO POVO(planeta, especie, tipo, turno, qtd) VALUES ('TATOOINE', 'KLINGONS', 'CIVIL', 1, 14863833);
INSERT INTO POVO(planeta, especie, tipo, turno, qtd) VALUES ('TATOOINE', 'KLINGONS', 'MILITAR', 1, 8064371);
INSERT INTO POVO(planeta, especie, tipo, turno, qtd) VALUES ('TATOOINE', 'KLINGONS', 'CIENTISTA', 1, 612144);
INSERT INTO POVO(planeta, especie, tipo, turno, qtd) VALUES ('TATOOINE', 'KLINGONS', 'CIVIL', 2, 17541535);
INSERT INTO POVO(planeta, especie, tipo, turno, qtd) VALUES ('TATOOINE', 'KLINGONS', 'MILITAR', 2, 6725835);
INSERT INTO POVO(planeta, especie, tipo, turno, qtd) VALUES ('TATOOINE', 'KLINGONS', 'CIENTISTA', 2, 740138);
INSERT INTO POVO(planeta, especie, tipo, turno, qtd) VALUES ('TATOOINE', 'KLINGONS', 'CIVIL', 3, 25602614);
INSERT INTO POVO(planeta, especie, tipo, turno, qtd) VALUES ('TATOOINE', 'KLINGONS', 'MILITAR', 3, 3479301);
INSERT INTO POVO(planeta, especie, tipo, turno, qtd) VALUES ('TATOOINE', 'KLINGONS', 'CIENTISTA', 3, 754772);
INSERT INTO POVO(planeta, especie, tipo, turno, qtd) VALUES ('TATOOINE', 'KLINGONS', 'CIVIL', 4, 13764834);
INSERT INTO POVO(planeta, especie, tipo, turno, qtd) VALUES ('TATOOINE', 'KLINGONS', 'MILITAR', 4, 2861897);
INSERT INTO POVO(planeta, especie, tipo, turno, qtd) VALUES ('TATOOINE', 'KLINGONS', 'CIENTISTA', 4, 984345);
INSERT INTO POVO(planeta, especie, tipo, turno, qtd) VALUES ('TATOOINE', 'KLINGONS', 'CIVIL', 5, 9780470);
INSERT INTO POVO(planeta, especie, tipo, turno, qtd) VALUES ('TATOOINE', 'KLINGONS', 'MILITAR', 5, 3942484);
INSERT INTO POVO(planeta, especie, tipo, turno, qtd) VALUES ('TATOOINE', 'KLINGONS', 'CIENTISTA', 5, 1084286);
INSERT INTO POVO(planeta, especie, tipo, turno, qtd) VALUES ('TATOOINE', 'KLINGONS', 'CIVIL', 6, 9892067);
INSERT INTO POVO(planeta, especie, tipo, turno, qtd) VALUES ('TATOOINE', 'KLINGONS', 'MILITAR', 6, 3959066);
INSERT INTO POVO(planeta, especie, tipo, turno, qtd) VALUES ('TATOOINE', 'KLINGONS', 'CIENTISTA', 6, 898030);
INSERT INTO POVO(planeta, especie, tipo, turno, qtd) VALUES ('TATOOINE', 'KLINGONS', 'CIVIL', 7, 6549208);
INSERT INTO POVO(planeta, especie, tipo, turno, qtd) VALUES ('TATOOINE', 'KLINGONS', 'MILITAR', 7, 3129089);
INSERT INTO POVO(planeta, especie, tipo, turno, qtd) VALUES ('TATOOINE', 'KLINGONS', 'CIENTISTA', 7, 1170640);
INSERT INTO POVO(planeta, especie, tipo, turno, qtd) VALUES ('TERRA', 'HUMANO', 'CIVIL', 0, 1000000000);
INSERT INTO POVO(planeta, especie, tipo, turno, qtd) VALUES ('TERRA', 'HUMANO', 'MILITAR', 0, 750000000);
INSERT INTO POVO(planeta, especie, tipo, turno, qtd) VALUES ('TERRA', 'HUMANO', 'CIENTISTA', 0, 750000000);
INSERT INTO POVO(planeta, especie, tipo, turno, qtd) VALUES ('TERRA', 'HUMANO', 'CIVIL', 1, 1200000000);
INSERT INTO POVO(planeta, especie, tipo, turno, qtd) VALUES ('TERRA', 'HUMANO', 'MILITAR', 1, 853135396);
INSERT INTO POVO(planeta, especie, tipo, turno, qtd) VALUES ('TERRA', 'HUMANO', 'CIENTISTA', 1, 774086358);
INSERT INTO POVO(planeta, especie, tipo, turno, qtd) VALUES ('TERRA', 'HUMANO', 'CIVIL', 2, 1440000000);
INSERT INTO POVO(planeta, especie, tipo, turno, qtd) VALUES ('TERRA', 'HUMANO', 'MILITAR', 2, 1204270804);
INSERT INTO POVO(planeta, especie, tipo, turno, qtd) VALUES ('TERRA', 'HUMANO', 'CIENTISTA', 2, 1134193770);
INSERT INTO POVO(planeta, especie, tipo, turno, qtd) VALUES ('TERRA', 'HUMANO', 'CIVIL', 3, 1728000000);
INSERT INTO POVO(planeta, especie, tipo, turno, qtd) VALUES ('TERRA', 'HUMANO', 'MILITAR', 3, 785524874);
INSERT INTO POVO(planeta, especie, tipo, turno, qtd) VALUES ('TERRA', 'HUMANO', 'CIENTISTA', 3, 1143420448);
INSERT INTO POVO(planeta, especie, tipo, turno, qtd) VALUES ('TERRA', 'HUMANO', 'CIVIL', 4, 2073600000);
INSERT INTO POVO(planeta, especie, tipo, turno, qtd) VALUES ('TERRA', 'HUMANO', 'MILITAR', 4, 1016739373);
INSERT INTO POVO(planeta, especie, tipo, turno, qtd) VALUES ('TERRA', 'HUMANO', 'CIENTISTA', 4, 1082125853);
INSERT INTO POVO(planeta, especie, tipo, turno, qtd) VALUES ('TERRA', 'HUMANO', 'CIVIL', 5, 3036383584);
INSERT INTO POVO(planeta, especie, tipo, turno, qtd) VALUES ('TERRA', 'HUMANO', 'MILITAR', 5, 1090805235);
INSERT INTO POVO(planeta, especie, tipo, turno, qtd) VALUES ('TERRA', 'HUMANO', 'CIENTISTA', 5, 1096059499);
INSERT INTO POVO(planeta, especie, tipo, turno, qtd) VALUES ('TERRA', 'HUMANO', 'CIVIL', 6, 2079558868);
INSERT INTO POVO(planeta, especie, tipo, turno, qtd) VALUES ('TERRA', 'HUMANO', 'MILITAR', 6, 1357103476);
INSERT INTO POVO(planeta, especie, tipo, turno, qtd) VALUES ('TERRA', 'HUMANO', 'CIENTISTA', 6, 1353623664);
INSERT INTO POVO(planeta, especie, tipo, turno, qtd) VALUES ('TERRA', 'HUMANO', 'CIVIL', 7, 3010580977);
INSERT INTO POVO(planeta, especie, tipo, turno, qtd) VALUES ('TERRA', 'HUMANO', 'MILITAR', 7, 1466024605);
INSERT INTO POVO(planeta, especie, tipo, turno, qtd) VALUES ('TERRA', 'HUMANO', 'CIENTISTA', 7, 1086290063);
INSERT INTO POVO(planeta, especie, tipo, turno, qtd) VALUES ('TRANTOR', 'SKRULLS', 'CIVIL', 0, 2820000000);
INSERT INTO POVO(planeta, especie, tipo, turno, qtd) VALUES ('TRANTOR', 'SKRULLS', 'MILITAR', 0, 1653600000);
INSERT INTO POVO(planeta, especie, tipo, turno, qtd) VALUES ('TRANTOR', 'SKRULLS', 'CIENTISTA', 0, 1526400000);
INSERT INTO POVO(planeta, especie, tipo, turno, qtd) VALUES ('TRANTOR', 'SKRULLS', 'CIVIL', 1, 2611023804);
INSERT INTO POVO(planeta, especie, tipo, turno, qtd) VALUES ('TRANTOR', 'SKRULLS', 'MILITAR', 1, 2172419591);
INSERT INTO POVO(planeta, especie, tipo, turno, qtd) VALUES ('TRANTOR', 'SKRULLS', 'CIENTISTA', 1, 1695326693);
INSERT INTO POVO(planeta, especie, tipo, turno, qtd) VALUES ('TRANTOR', 'SKRULLS', 'CIVIL', 2, 3259440755);
INSERT INTO POVO(planeta, especie, tipo, turno, qtd) VALUES ('TRANTOR', 'SKRULLS', 'MILITAR', 2, 1397504687);
INSERT INTO POVO(planeta, especie, tipo, turno, qtd) VALUES ('TRANTOR', 'SKRULLS', 'CIENTISTA', 2, 1935577401);
INSERT INTO POVO(planeta, especie, tipo, turno, qtd) VALUES ('TRANTOR', 'SKRULLS', 'CIVIL', 3, 4285488847);
INSERT INTO POVO(planeta, especie, tipo, turno, qtd) VALUES ('TRANTOR', 'SKRULLS', 'MILITAR', 3, 1708391008);
INSERT INTO POVO(planeta, especie, tipo, turno, qtd) VALUES ('TRANTOR', 'SKRULLS', 'CIENTISTA', 3, 1199661709);
INSERT INTO POVO(planeta, especie, tipo, turno, qtd) VALUES ('TRANTOR', 'SKRULLS', 'CIVIL', 4, 3921380997);
INSERT INTO POVO(planeta, especie, tipo, turno, qtd) VALUES ('TRANTOR', 'SKRULLS', 'MILITAR', 4, 1873646424);
INSERT INTO POVO(planeta, especie, tipo, turno, qtd) VALUES ('TRANTOR', 'SKRULLS', 'CIENTISTA', 4, 693485247);
INSERT INTO POVO(planeta, especie, tipo, turno, qtd) VALUES ('TRANTOR', 'SKRULLS', 'CIVIL', 5, 3574387350);
INSERT INTO POVO(planeta, especie, tipo, turno, qtd) VALUES ('TRANTOR', 'SKRULLS', 'MILITAR', 5, 2758463243);
INSERT INTO POVO(planeta, especie, tipo, turno, qtd) VALUES ('TRANTOR', 'SKRULLS', 'CIENTISTA', 5, 395352640);
INSERT INTO POVO(planeta, especie, tipo, turno, qtd) VALUES ('TRANTOR', 'SKRULLS', 'CIVIL', 6, 3758861725);
INSERT INTO POVO(planeta, especie, tipo, turno, qtd) VALUES ('TRANTOR', 'SKRULLS', 'MILITAR', 6, 2625585839);
INSERT INTO POVO(planeta, especie, tipo, turno, qtd) VALUES ('TRANTOR', 'SKRULLS', 'CIENTISTA', 6, 582222724);
INSERT INTO POVO(planeta, especie, tipo, turno, qtd) VALUES ('TRANTOR', 'SKRULLS', 'CIVIL', 7, 3562150457);
INSERT INTO POVO(planeta, especie, tipo, turno, qtd) VALUES ('TRANTOR', 'SKRULLS', 'MILITAR', 7, 2420510753);
INSERT INTO POVO(planeta, especie, tipo, turno, qtd) VALUES ('TRANTOR', 'SKRULLS', 'CIENTISTA', 7, 463394424);
INSERT INTO POVO(planeta, especie, tipo, turno, qtd) VALUES ('VILTRUM', 'VILTRUMITA', 'CIVIL', 0, 760000000);
INSERT INTO POVO(planeta, especie, tipo, turno, qtd) VALUES ('VILTRUM', 'VILTRUMITA', 'MILITAR', 0, 204000000);
INSERT INTO POVO(planeta, especie, tipo, turno, qtd) VALUES ('VILTRUM', 'VILTRUMITA', 'CIENTISTA', 0, 36000000);
INSERT INTO POVO(planeta, especie, tipo, turno, qtd) VALUES ('VILTRUM', 'VILTRUMITA', 'CIVIL', 1, 907046877);
INSERT INTO POVO(planeta, especie, tipo, turno, qtd) VALUES ('VILTRUM', 'VILTRUMITA', 'MILITAR', 1, 266083548);
INSERT INTO POVO(planeta, especie, tipo, turno, qtd) VALUES ('VILTRUM', 'VILTRUMITA', 'CIENTISTA', 1, 50063233);
INSERT INTO POVO(planeta, especie, tipo, turno, qtd) VALUES ('VILTRUM', 'VILTRUMITA', 'CIVIL', 2, 901113726);
INSERT INTO POVO(planeta, especie, tipo, turno, qtd) VALUES ('VILTRUM', 'VILTRUMITA', 'MILITAR', 2, 180097604);
INSERT INTO POVO(planeta, especie, tipo, turno, qtd) VALUES ('VILTRUM', 'VILTRUMITA', 'CIENTISTA', 2, 69760796);
INSERT INTO POVO(planeta, especie, tipo, turno, qtd) VALUES ('VILTRUM', 'VILTRUMITA', 'CIVIL', 3, 1292461414);
INSERT INTO POVO(planeta, especie, tipo, turno, qtd) VALUES ('VILTRUM', 'VILTRUMITA', 'MILITAR', 3, 228815932);
INSERT INTO POVO(planeta, especie, tipo, turno, qtd) VALUES ('VILTRUM', 'VILTRUMITA', 'CIENTISTA', 3, 54288020);
INSERT INTO POVO(planeta, especie, tipo, turno, qtd) VALUES ('VILTRUM', 'VILTRUMITA', 'CIVIL', 4, 1396796383);
INSERT INTO POVO(planeta, especie, tipo, turno, qtd) VALUES ('VILTRUM', 'VILTRUMITA', 'MILITAR', 4, 268768774);
INSERT INTO POVO(planeta, especie, tipo, turno, qtd) VALUES ('VILTRUM', 'VILTRUMITA', 'CIENTISTA', 4, 52942507);
INSERT INTO POVO(planeta, especie, tipo, turno, qtd) VALUES ('VILTRUM', 'VILTRUMITA', 'CIVIL', 5, 2067677791);
INSERT INTO POVO(planeta, especie, tipo, turno, qtd) VALUES ('VILTRUM', 'VILTRUMITA', 'MILITAR', 5, 235036059);
INSERT INTO POVO(planeta, especie, tipo, turno, qtd) VALUES ('VILTRUM', 'VILTRUMITA', 'CIENTISTA', 5, 73851528);
INSERT INTO POVO(planeta, especie, tipo, turno, qtd) VALUES ('VILTRUM', 'VILTRUMITA', 'CIVIL', 6, 1134191831);
INSERT INTO POVO(planeta, especie, tipo, turno, qtd) VALUES ('VILTRUM', 'VILTRUMITA', 'MILITAR', 6, 336610124);
INSERT INTO POVO(planeta, especie, tipo, turno, qtd) VALUES ('VILTRUM', 'VILTRUMITA', 'CIENTISTA', 6, 72218823);
INSERT INTO POVO(planeta, especie, tipo, turno, qtd) VALUES ('VILTRUM', 'VILTRUMITA', 'CIVIL', 7, 781634195);
INSERT INTO POVO(planeta, especie, tipo, turno, qtd) VALUES ('VILTRUM', 'VILTRUMITA', 'MILITAR', 7, 376144657);
INSERT INTO POVO(planeta, especie, tipo, turno, qtd) VALUES ('VILTRUM', 'VILTRUMITA', 'CIENTISTA', 7, 75704456);
INSERT INTO POVO(planeta, especie, tipo, turno, qtd) VALUES ('VULCAN', 'VULCANS', 'CIVIL', 0, 108000000);
INSERT INTO POVO(planeta, especie, tipo, turno, qtd) VALUES ('VULCAN', 'VULCANS', 'MILITAR', 0, 44280000);
INSERT INTO POVO(planeta, especie, tipo, turno, qtd) VALUES ('VULCAN', 'VULCANS', 'CIENTISTA', 0, 447720000);
INSERT INTO POVO(planeta, especie, tipo, turno, qtd) VALUES ('VULCAN', 'VULCANS', 'CIVIL', 1, 136693793);
INSERT INTO POVO(planeta, especie, tipo, turno, qtd) VALUES ('VULCAN', 'VULCANS', 'MILITAR', 1, 38610288);
INSERT INTO POVO(planeta, especie, tipo, turno, qtd) VALUES ('VULCAN', 'VULCANS', 'CIENTISTA', 1, 302910405);
INSERT INTO POVO(planeta, especie, tipo, turno, qtd) VALUES ('VULCAN', 'VULCANS', 'CIVIL', 2, 90265920);
INSERT INTO POVO(planeta, especie, tipo, turno, qtd) VALUES ('VULCAN', 'VULCANS', 'MILITAR', 2, 23065164);
INSERT INTO POVO(planeta, especie, tipo, turno, qtd) VALUES ('VULCAN', 'VULCANS', 'CIENTISTA', 2, 212680376);
INSERT INTO POVO(planeta, especie, tipo, turno, qtd) VALUES ('VULCAN', 'VULCANS', 'CIVIL', 3, 110426683);
INSERT INTO POVO(planeta, especie, tipo, turno, qtd) VALUES ('VULCAN', 'VULCANS', 'MILITAR', 3, 26591235);
INSERT INTO POVO(planeta, especie, tipo, turno, qtd) VALUES ('VULCAN', 'VULCANS', 'CIENTISTA', 3, 195334067);
INSERT INTO POVO(planeta, especie, tipo, turno, qtd) VALUES ('VULCAN', 'VULCANS', 'CIVIL', 4, 74463422);
INSERT INTO POVO(planeta, especie, tipo, turno, qtd) VALUES ('VULCAN', 'VULCANS', 'MILITAR', 4, 17097897);
INSERT INTO POVO(planeta, especie, tipo, turno, qtd) VALUES ('VULCAN', 'VULCANS', 'CIENTISTA', 4, 240784253);
INSERT INTO POVO(planeta, especie, tipo, turno, qtd) VALUES ('VULCAN', 'VULCANS', 'CIVIL', 5, 50068147);
INSERT INTO POVO(planeta, especie, tipo, turno, qtd) VALUES ('VULCAN', 'VULCANS', 'MILITAR', 5, 10609617);
INSERT INTO POVO(planeta, especie, tipo, turno, qtd) VALUES ('VULCAN', 'VULCANS', 'CIENTISTA', 5, 265015114);
INSERT INTO POVO(planeta, especie, tipo, turno, qtd) VALUES ('VULCAN', 'VULCANS', 'CIVIL', 6, 49297122);
INSERT INTO POVO(planeta, especie, tipo, turno, qtd) VALUES ('VULCAN', 'VULCANS', 'MILITAR', 6, 12196048);
INSERT INTO POVO(planeta, especie, tipo, turno, qtd) VALUES ('VULCAN', 'VULCANS', 'CIENTISTA', 6, 299075082);
INSERT INTO POVO(planeta, especie, tipo, turno, qtd) VALUES ('VULCAN', 'VULCANS', 'CIVIL', 7, 58766070);
INSERT INTO POVO(planeta, especie, tipo, turno, qtd) VALUES ('VULCAN', 'VULCANS', 'MILITAR', 7, 7888769);
INSERT INTO POVO(planeta, especie, tipo, turno, qtd) VALUES ('VULCAN', 'VULCANS', 'CIENTISTA', 7, 158941564);


-- [14] CIVIL
INSERT INTO CIVIL(planeta, especie, tipo, turno) VALUES ('ARRAKIS', 'FREMEN', 'CIVIL', 0);
INSERT INTO CIVIL(planeta, especie, tipo, turno) VALUES ('KRYPTON', 'KRYPTONIANS', 'CIVIL', 0);
INSERT INTO CIVIL(planeta, especie, tipo, turno) VALUES ('PANDORA', 'NAVI', 'CIVIL', 0);
INSERT INTO CIVIL(planeta, especie, tipo, turno) VALUES ('TATOOINE', 'KLINGONS', 'CIVIL', 0);
INSERT INTO CIVIL(planeta, especie, tipo, turno) VALUES ('TERRA', 'HUMANO', 'CIVIL', 0);
INSERT INTO CIVIL(planeta, especie, tipo, turno) VALUES ('TRANTOR', 'SKRULLS', 'CIVIL', 0);
INSERT INTO CIVIL(planeta, especie, tipo, turno) VALUES ('VILTRUM', 'VILTRUMITA', 'CIVIL', 0);
INSERT INTO CIVIL(planeta, especie, tipo, turno) VALUES ('VULCAN', 'VULCANS', 'CIVIL', 0);
INSERT INTO CIVIL(planeta, especie, tipo, turno) VALUES ('ARRAKIS', 'FREMEN', 'CIVIL', 1);
INSERT INTO CIVIL(planeta, especie, tipo, turno) VALUES ('KRYPTON', 'KRYPTONIANS', 'CIVIL', 1);
INSERT INTO CIVIL(planeta, especie, tipo, turno) VALUES ('PANDORA', 'NAVI', 'CIVIL', 1);
INSERT INTO CIVIL(planeta, especie, tipo, turno) VALUES ('TATOOINE', 'KLINGONS', 'CIVIL', 1);
INSERT INTO CIVIL(planeta, especie, tipo, turno) VALUES ('TERRA', 'HUMANO', 'CIVIL', 1);
INSERT INTO CIVIL(planeta, especie, tipo, turno) VALUES ('TRANTOR', 'SKRULLS', 'CIVIL', 1);
INSERT INTO CIVIL(planeta, especie, tipo, turno) VALUES ('VILTRUM', 'VILTRUMITA', 'CIVIL', 1);
INSERT INTO CIVIL(planeta, especie, tipo, turno) VALUES ('VULCAN', 'VULCANS', 'CIVIL', 1);
INSERT INTO CIVIL(planeta, especie, tipo, turno) VALUES ('ARRAKIS', 'FREMEN', 'CIVIL', 2);
INSERT INTO CIVIL(planeta, especie, tipo, turno) VALUES ('KRYPTON', 'KRYPTONIANS', 'CIVIL', 2);
INSERT INTO CIVIL(planeta, especie, tipo, turno) VALUES ('PANDORA', 'NAVI', 'CIVIL', 2);
INSERT INTO CIVIL(planeta, especie, tipo, turno) VALUES ('TATOOINE', 'KLINGONS', 'CIVIL', 2);
INSERT INTO CIVIL(planeta, especie, tipo, turno) VALUES ('TERRA', 'HUMANO', 'CIVIL', 2);
INSERT INTO CIVIL(planeta, especie, tipo, turno) VALUES ('TRANTOR', 'SKRULLS', 'CIVIL', 2);
INSERT INTO CIVIL(planeta, especie, tipo, turno) VALUES ('VILTRUM', 'VILTRUMITA', 'CIVIL', 2);
INSERT INTO CIVIL(planeta, especie, tipo, turno) VALUES ('VULCAN', 'VULCANS', 'CIVIL', 2);
INSERT INTO CIVIL(planeta, especie, tipo, turno) VALUES ('ARRAKIS', 'FREMEN', 'CIVIL', 3);
INSERT INTO CIVIL(planeta, especie, tipo, turno) VALUES ('KRYPTON', 'KRYPTONIANS', 'CIVIL', 3);
INSERT INTO CIVIL(planeta, especie, tipo, turno) VALUES ('PANDORA', 'NAVI', 'CIVIL', 3);
INSERT INTO CIVIL(planeta, especie, tipo, turno) VALUES ('TATOOINE', 'KLINGONS', 'CIVIL', 3);
INSERT INTO CIVIL(planeta, especie, tipo, turno) VALUES ('TERRA', 'HUMANO', 'CIVIL', 3);
INSERT INTO CIVIL(planeta, especie, tipo, turno) VALUES ('TRANTOR', 'SKRULLS', 'CIVIL', 3);
INSERT INTO CIVIL(planeta, especie, tipo, turno) VALUES ('VILTRUM', 'VILTRUMITA', 'CIVIL', 3);
INSERT INTO CIVIL(planeta, especie, tipo, turno) VALUES ('VULCAN', 'VULCANS', 'CIVIL', 3);
INSERT INTO CIVIL(planeta, especie, tipo, turno) VALUES ('ARRAKIS', 'FREMEN', 'CIVIL', 4);
INSERT INTO CIVIL(planeta, especie, tipo, turno) VALUES ('KRYPTON', 'KRYPTONIANS', 'CIVIL', 4);
INSERT INTO CIVIL(planeta, especie, tipo, turno) VALUES ('PANDORA', 'NAVI', 'CIVIL', 4);
INSERT INTO CIVIL(planeta, especie, tipo, turno) VALUES ('TATOOINE', 'KLINGONS', 'CIVIL', 4);
INSERT INTO CIVIL(planeta, especie, tipo, turno) VALUES ('TERRA', 'HUMANO', 'CIVIL', 4);
INSERT INTO CIVIL(planeta, especie, tipo, turno) VALUES ('TRANTOR', 'SKRULLS', 'CIVIL', 4);
INSERT INTO CIVIL(planeta, especie, tipo, turno) VALUES ('VILTRUM', 'VILTRUMITA', 'CIVIL', 4);
INSERT INTO CIVIL(planeta, especie, tipo, turno) VALUES ('VULCAN', 'VULCANS', 'CIVIL', 4);
INSERT INTO CIVIL(planeta, especie, tipo, turno) VALUES ('ARRAKIS', 'FREMEN', 'CIVIL', 5);
INSERT INTO CIVIL(planeta, especie, tipo, turno) VALUES ('KRYPTON', 'KRYPTONIANS', 'CIVIL', 5);
INSERT INTO CIVIL(planeta, especie, tipo, turno) VALUES ('PANDORA', 'NAVI', 'CIVIL', 5);
INSERT INTO CIVIL(planeta, especie, tipo, turno) VALUES ('TATOOINE', 'KLINGONS', 'CIVIL', 5);
INSERT INTO CIVIL(planeta, especie, tipo, turno) VALUES ('TERRA', 'HUMANO', 'CIVIL', 5);
INSERT INTO CIVIL(planeta, especie, tipo, turno) VALUES ('TRANTOR', 'SKRULLS', 'CIVIL', 5);
INSERT INTO CIVIL(planeta, especie, tipo, turno) VALUES ('VILTRUM', 'VILTRUMITA', 'CIVIL', 5);
INSERT INTO CIVIL(planeta, especie, tipo, turno) VALUES ('VULCAN', 'VULCANS', 'CIVIL', 5);
INSERT INTO CIVIL(planeta, especie, tipo, turno) VALUES ('ARRAKIS', 'FREMEN', 'CIVIL', 6);
INSERT INTO CIVIL(planeta, especie, tipo, turno) VALUES ('KRYPTON', 'KRYPTONIANS', 'CIVIL', 6);
INSERT INTO CIVIL(planeta, especie, tipo, turno) VALUES ('PANDORA', 'NAVI', 'CIVIL', 6);
INSERT INTO CIVIL(planeta, especie, tipo, turno) VALUES ('TATOOINE', 'KLINGONS', 'CIVIL', 6);
INSERT INTO CIVIL(planeta, especie, tipo, turno) VALUES ('TERRA', 'HUMANO', 'CIVIL', 6);
INSERT INTO CIVIL(planeta, especie, tipo, turno) VALUES ('TRANTOR', 'SKRULLS', 'CIVIL', 6);
INSERT INTO CIVIL(planeta, especie, tipo, turno) VALUES ('VILTRUM', 'VILTRUMITA', 'CIVIL', 6);
INSERT INTO CIVIL(planeta, especie, tipo, turno) VALUES ('VULCAN', 'VULCANS', 'CIVIL', 6);
INSERT INTO CIVIL(planeta, especie, tipo, turno) VALUES ('ARRAKIS', 'FREMEN', 'CIVIL', 7);
INSERT INTO CIVIL(planeta, especie, tipo, turno) VALUES ('KRYPTON', 'KRYPTONIANS', 'CIVIL', 7);
INSERT INTO CIVIL(planeta, especie, tipo, turno) VALUES ('PANDORA', 'NAVI', 'CIVIL', 7);
INSERT INTO CIVIL(planeta, especie, tipo, turno) VALUES ('TATOOINE', 'KLINGONS', 'CIVIL', 7);
INSERT INTO CIVIL(planeta, especie, tipo, turno) VALUES ('TERRA', 'HUMANO', 'CIVIL', 7);
INSERT INTO CIVIL(planeta, especie, tipo, turno) VALUES ('TRANTOR', 'SKRULLS', 'CIVIL', 7);
INSERT INTO CIVIL(planeta, especie, tipo, turno) VALUES ('VILTRUM', 'VILTRUMITA', 'CIVIL', 7);
INSERT INTO CIVIL(planeta, especie, tipo, turno) VALUES ('VULCAN', 'VULCANS', 'CIVIL', 7);


-- [15] ATUACAO
INSERT INTO ATUACAO(planeta_construcao, estrutura, turno_construcao, planeta_civil, especie, turno_civil, qtd_trabalhadores) VALUES ('TERRA', 'BATALHAO', 3, 'TERRA', 'HUMANO', 3, 345600000);
INSERT INTO ATUACAO(planeta_construcao, estrutura, turno_construcao, planeta_civil, especie, turno_civil, qtd_trabalhadores) VALUES ('TERRA', 'UNIVERSIDADE', 3, 'TERRA', 'HUMANO', 3, 345600000);
INSERT INTO ATUACAO(planeta_construcao, estrutura, turno_construcao, planeta_civil, especie, turno_civil, qtd_trabalhadores) VALUES ('TERRA', 'FAZENDA', 3, 'TERRA', 'HUMANO', 3, 345600000);
INSERT INTO ATUACAO(planeta_construcao, estrutura, turno_construcao, planeta_civil, especie, turno_civil, qtd_trabalhadores) VALUES ('TERRA', 'PEDREIRA', 3, 'TERRA', 'HUMANO', 3, 345600000);
INSERT INTO ATUACAO(planeta_construcao, estrutura, turno_construcao, planeta_civil, especie, turno_civil, qtd_trabalhadores) VALUES ('TERRA', 'LENHA', 3, 'TERRA', 'HUMANO', 3, 345600000);
INSERT INTO ATUACAO(planeta_construcao, estrutura, turno_construcao, planeta_civil, especie, turno_civil, qtd_trabalhadores) VALUES ('TRANTOR', 'BATALHAO', 3, 'TRANTOR', 'SKRULLS', 3, 1028632515);
INSERT INTO ATUACAO(planeta_construcao, estrutura, turno_construcao, planeta_civil, especie, turno_civil, qtd_trabalhadores) VALUES ('TRANTOR', 'UNIVERSIDADE', 3, 'TRANTOR', 'SKRULLS', 3, 1028632515);
INSERT INTO ATUACAO(planeta_construcao, estrutura, turno_construcao, planeta_civil, especie, turno_civil, qtd_trabalhadores) VALUES ('TRANTOR', 'FAZENDA', 3, 'TRANTOR', 'SKRULLS', 3, 1028632515);
INSERT INTO ATUACAO(planeta_construcao, estrutura, turno_construcao, planeta_civil, especie, turno_civil, qtd_trabalhadores) VALUES ('TRANTOR', 'PEDREIRA', 3, 'TRANTOR', 'SKRULLS', 3, 1028632515);
INSERT INTO ATUACAO(planeta_construcao, estrutura, turno_construcao, planeta_civil, especie, turno_civil, qtd_trabalhadores) VALUES ('TRANTOR', 'LENHA', 3, 'TRANTOR', 'SKRULLS', 3, 1028632515);
INSERT INTO ATUACAO(planeta_construcao, estrutura, turno_construcao, planeta_civil, especie, turno_civil, qtd_trabalhadores) VALUES ('KRYPTON', 'BATALHAO', 3, 'KRYPTON', 'KRYPTONIANS', 3, 106829);
INSERT INTO ATUACAO(planeta_construcao, estrutura, turno_construcao, planeta_civil, especie, turno_civil, qtd_trabalhadores) VALUES ('KRYPTON', 'UNIVERSIDADE', 3, 'KRYPTON', 'KRYPTONIANS', 3, 106829);
INSERT INTO ATUACAO(planeta_construcao, estrutura, turno_construcao, planeta_civil, especie, turno_civil, qtd_trabalhadores) VALUES ('KRYPTON', 'FAZENDA', 3, 'KRYPTON', 'KRYPTONIANS', 3, 106829);
INSERT INTO ATUACAO(planeta_construcao, estrutura, turno_construcao, planeta_civil, especie, turno_civil, qtd_trabalhadores) VALUES ('KRYPTON', 'PEDREIRA', 3, 'KRYPTON', 'KRYPTONIANS', 3, 106829);
INSERT INTO ATUACAO(planeta_construcao, estrutura, turno_construcao, planeta_civil, especie, turno_civil, qtd_trabalhadores) VALUES ('KRYPTON', 'LENHA', 3, 'KRYPTON', 'KRYPTONIANS', 3, 106829);
INSERT INTO ATUACAO(planeta_construcao, estrutura, turno_construcao, planeta_civil, especie, turno_civil, qtd_trabalhadores) VALUES ('VILTRUM', 'BATALHAO', 3, 'VILTRUM', 'VILTRUMITA', 3, 337438273);
INSERT INTO ATUACAO(planeta_construcao, estrutura, turno_construcao, planeta_civil, especie, turno_civil, qtd_trabalhadores) VALUES ('VILTRUM', 'UNIVERSIDADE', 3, 'VILTRUM', 'VILTRUMITA', 3, 337438273);
INSERT INTO ATUACAO(planeta_construcao, estrutura, turno_construcao, planeta_civil, especie, turno_civil, qtd_trabalhadores) VALUES ('VILTRUM', 'FAZENDA', 3, 'VILTRUM', 'VILTRUMITA', 3, 337438273);
INSERT INTO ATUACAO(planeta_construcao, estrutura, turno_construcao, planeta_civil, especie, turno_civil, qtd_trabalhadores) VALUES ('VILTRUM', 'PEDREIRA', 3, 'VILTRUM', 'VILTRUMITA', 3, 337438273);
INSERT INTO ATUACAO(planeta_construcao, estrutura, turno_construcao, planeta_civil, especie, turno_civil, qtd_trabalhadores) VALUES ('VILTRUM', 'LENHA', 3, 'VILTRUM', 'VILTRUMITA', 3, 337438273);
INSERT INTO ATUACAO(planeta_construcao, estrutura, turno_construcao, planeta_civil, especie, turno_civil, qtd_trabalhadores) VALUES ('ARRAKIS', 'BATALHAO', 3, 'ARRAKIS', 'FREMEN', 3, 6823634);
INSERT INTO ATUACAO(planeta_construcao, estrutura, turno_construcao, planeta_civil, especie, turno_civil, qtd_trabalhadores) VALUES ('ARRAKIS', 'UNIVERSIDADE', 3, 'ARRAKIS', 'FREMEN', 3, 6823634);
INSERT INTO ATUACAO(planeta_construcao, estrutura, turno_construcao, planeta_civil, especie, turno_civil, qtd_trabalhadores) VALUES ('ARRAKIS', 'FAZENDA', 3, 'ARRAKIS', 'FREMEN', 3, 6823634);
INSERT INTO ATUACAO(planeta_construcao, estrutura, turno_construcao, planeta_civil, especie, turno_civil, qtd_trabalhadores) VALUES ('ARRAKIS', 'PEDREIRA', 3, 'ARRAKIS', 'FREMEN', 3, 6823634);
INSERT INTO ATUACAO(planeta_construcao, estrutura, turno_construcao, planeta_civil, especie, turno_civil, qtd_trabalhadores) VALUES ('ARRAKIS', 'LENHA', 3, 'ARRAKIS', 'FREMEN', 3, 6823634);
INSERT INTO ATUACAO(planeta_construcao, estrutura, turno_construcao, planeta_civil, especie, turno_civil, qtd_trabalhadores) VALUES ('TERRA', 'BATALHAO', 5, 'TERRA', 'HUMANO', 5, 315266926);
INSERT INTO ATUACAO(planeta_construcao, estrutura, turno_construcao, planeta_civil, especie, turno_civil, qtd_trabalhadores) VALUES ('TERRA', 'UNIVERSIDADE', 5, 'TERRA', 'HUMANO', 5, 315266926);
INSERT INTO ATUACAO(planeta_construcao, estrutura, turno_construcao, planeta_civil, especie, turno_civil, qtd_trabalhadores) VALUES ('TERRA', 'FAZENDA', 5, 'TERRA', 'HUMANO', 5, 315266926);
INSERT INTO ATUACAO(planeta_construcao, estrutura, turno_construcao, planeta_civil, especie, turno_civil, qtd_trabalhadores) VALUES ('TERRA', 'PEDREIRA', 5, 'TERRA', 'HUMANO', 5, 315266926);
INSERT INTO ATUACAO(planeta_construcao, estrutura, turno_construcao, planeta_civil, especie, turno_civil, qtd_trabalhadores) VALUES ('TERRA', 'LENHA', 5, 'TERRA', 'HUMANO', 5, 315266926);
INSERT INTO ATUACAO(planeta_construcao, estrutura, turno_construcao, planeta_civil, especie, turno_civil, qtd_trabalhadores) VALUES ('TRANTOR', 'BATALHAO', 5, 'TRANTOR', 'SKRULLS', 5, 1368579174);
INSERT INTO ATUACAO(planeta_construcao, estrutura, turno_construcao, planeta_civil, especie, turno_civil, qtd_trabalhadores) VALUES ('TRANTOR', 'UNIVERSIDADE', 5, 'TRANTOR', 'SKRULLS', 5, 1368579174);
INSERT INTO ATUACAO(planeta_construcao, estrutura, turno_construcao, planeta_civil, especie, turno_civil, qtd_trabalhadores) VALUES ('TRANTOR', 'FAZENDA', 5, 'TRANTOR', 'SKRULLS', 5, 1368579174);
INSERT INTO ATUACAO(planeta_construcao, estrutura, turno_construcao, planeta_civil, especie, turno_civil, qtd_trabalhadores) VALUES ('TRANTOR', 'PEDREIRA', 5, 'TRANTOR', 'SKRULLS', 5, 1368579174);
INSERT INTO ATUACAO(planeta_construcao, estrutura, turno_construcao, planeta_civil, especie, turno_civil, qtd_trabalhadores) VALUES ('TRANTOR', 'LENHA', 5, 'TRANTOR', 'SKRULLS', 5, 1368579174);
INSERT INTO ATUACAO(planeta_construcao, estrutura, turno_construcao, planeta_civil, especie, turno_civil, qtd_trabalhadores) VALUES ('KRYPTON', 'BATALHAO', 5, 'KRYPTON', 'KRYPTONIANS', 5, 74131);
INSERT INTO ATUACAO(planeta_construcao, estrutura, turno_construcao, planeta_civil, especie, turno_civil, qtd_trabalhadores) VALUES ('KRYPTON', 'UNIVERSIDADE', 5, 'KRYPTON', 'KRYPTONIANS', 5, 74131);
INSERT INTO ATUACAO(planeta_construcao, estrutura, turno_construcao, planeta_civil, especie, turno_civil, qtd_trabalhadores) VALUES ('KRYPTON', 'FAZENDA', 5, 'KRYPTON', 'KRYPTONIANS', 5, 74131);
INSERT INTO ATUACAO(planeta_construcao, estrutura, turno_construcao, planeta_civil, especie, turno_civil, qtd_trabalhadores) VALUES ('KRYPTON', 'PEDREIRA', 5, 'KRYPTON', 'KRYPTONIANS', 5, 74131);
INSERT INTO ATUACAO(planeta_construcao, estrutura, turno_construcao, planeta_civil, especie, turno_civil, qtd_trabalhadores) VALUES ('KRYPTON', 'LENHA', 5, 'KRYPTON', 'KRYPTONIANS', 5, 74131);
INSERT INTO ATUACAO(planeta_construcao, estrutura, turno_construcao, planeta_civil, especie, turno_civil, qtd_trabalhadores) VALUES ('VILTRUM', 'BATALHAO', 5, 'VILTRUM', 'VILTRUMITA', 5, 254363440);
INSERT INTO ATUACAO(planeta_construcao, estrutura, turno_construcao, planeta_civil, especie, turno_civil, qtd_trabalhadores) VALUES ('VILTRUM', 'UNIVERSIDADE', 5, 'VILTRUM', 'VILTRUMITA', 5, 254363440);
INSERT INTO ATUACAO(planeta_construcao, estrutura, turno_construcao, planeta_civil, especie, turno_civil, qtd_trabalhadores) VALUES ('VILTRUM', 'FAZENDA', 5, 'VILTRUM', 'VILTRUMITA', 5, 254363440);
INSERT INTO ATUACAO(planeta_construcao, estrutura, turno_construcao, planeta_civil, especie, turno_civil, qtd_trabalhadores) VALUES ('VILTRUM', 'PEDREIRA', 5, 'VILTRUM', 'VILTRUMITA', 5, 254363440);
INSERT INTO ATUACAO(planeta_construcao, estrutura, turno_construcao, planeta_civil, especie, turno_civil, qtd_trabalhadores) VALUES ('VILTRUM', 'LENHA', 5, 'VILTRUM', 'VILTRUMITA', 5, 254363440);
INSERT INTO ATUACAO(planeta_construcao, estrutura, turno_construcao, planeta_civil, especie, turno_civil, qtd_trabalhadores) VALUES ('ARRAKIS', 'BATALHAO', 5, 'ARRAKIS', 'FREMEN', 5, 8541782);
INSERT INTO ATUACAO(planeta_construcao, estrutura, turno_construcao, planeta_civil, especie, turno_civil, qtd_trabalhadores) VALUES ('ARRAKIS', 'UNIVERSIDADE', 5, 'ARRAKIS', 'FREMEN', 5, 8541782);
INSERT INTO ATUACAO(planeta_construcao, estrutura, turno_construcao, planeta_civil, especie, turno_civil, qtd_trabalhadores) VALUES ('ARRAKIS', 'FAZENDA', 5, 'ARRAKIS', 'FREMEN', 5, 8541782);
INSERT INTO ATUACAO(planeta_construcao, estrutura, turno_construcao, planeta_civil, especie, turno_civil, qtd_trabalhadores) VALUES ('ARRAKIS', 'PEDREIRA', 5, 'ARRAKIS', 'FREMEN', 5, 8541782);
INSERT INTO ATUACAO(planeta_construcao, estrutura, turno_construcao, planeta_civil, especie, turno_civil, qtd_trabalhadores) VALUES ('ARRAKIS', 'LENHA', 5, 'ARRAKIS', 'FREMEN', 5, 8541782);
INSERT INTO ATUACAO(planeta_construcao, estrutura, turno_construcao, planeta_civil, especie, turno_civil, qtd_trabalhadores) VALUES ('TATOOINE', 'BATALHAO', 5, 'TATOOINE', 'KLINGONS', 5, 1665966);
INSERT INTO ATUACAO(planeta_construcao, estrutura, turno_construcao, planeta_civil, especie, turno_civil, qtd_trabalhadores) VALUES ('TATOOINE', 'UNIVERSIDADE', 5, 'TATOOINE', 'KLINGONS', 5, 1665966);
INSERT INTO ATUACAO(planeta_construcao, estrutura, turno_construcao, planeta_civil, especie, turno_civil, qtd_trabalhadores) VALUES ('TATOOINE', 'FAZENDA', 5, 'TATOOINE', 'KLINGONS', 5, 1665966);
INSERT INTO ATUACAO(planeta_construcao, estrutura, turno_construcao, planeta_civil, especie, turno_civil, qtd_trabalhadores) VALUES ('TATOOINE', 'PEDREIRA', 5, 'TATOOINE', 'KLINGONS', 5, 1665966);
INSERT INTO ATUACAO(planeta_construcao, estrutura, turno_construcao, planeta_civil, especie, turno_civil, qtd_trabalhadores) VALUES ('TATOOINE', 'LENHA', 5, 'TATOOINE', 'KLINGONS', 5, 1665966);
INSERT INTO ATUACAO(planeta_construcao, estrutura, turno_construcao, planeta_civil, especie, turno_civil, qtd_trabalhadores) VALUES ('VULCAN', 'BATALHAO', 5, 'VULCAN', 'VULCANS', 5, 8652936);
INSERT INTO ATUACAO(planeta_construcao, estrutura, turno_construcao, planeta_civil, especie, turno_civil, qtd_trabalhadores) VALUES ('VULCAN', 'UNIVERSIDADE', 5, 'VULCAN', 'VULCANS', 5, 8652936);
INSERT INTO ATUACAO(planeta_construcao, estrutura, turno_construcao, planeta_civil, especie, turno_civil, qtd_trabalhadores) VALUES ('VULCAN', 'FAZENDA', 5, 'VULCAN', 'VULCANS', 5, 8652936);
INSERT INTO ATUACAO(planeta_construcao, estrutura, turno_construcao, planeta_civil, especie, turno_civil, qtd_trabalhadores) VALUES ('VULCAN', 'PEDREIRA', 5, 'VULCAN', 'VULCANS', 5, 8652936);
INSERT INTO ATUACAO(planeta_construcao, estrutura, turno_construcao, planeta_civil, especie, turno_civil, qtd_trabalhadores) VALUES ('VULCAN', 'LENHA', 5, 'VULCAN', 'VULCANS', 5, 8652936);


-- [16] GERA_RECURSO
INSERT INTO GERA_RECURSO(id_atuacao, recurso, qtd) VALUES (3, 'COMIDA', 150603);
INSERT INTO GERA_RECURSO(id_atuacao, recurso, qtd) VALUES (4, 'PEDRA', 520977);
INSERT INTO GERA_RECURSO(id_atuacao, recurso, qtd) VALUES (5, 'MADEIRA', 1705776);
INSERT INTO GERA_RECURSO(id_atuacao, recurso, qtd) VALUES (8, 'COMIDA', 964314);
INSERT INTO GERA_RECURSO(id_atuacao, recurso, qtd) VALUES (9, 'PEDRA', 1845665);
INSERT INTO GERA_RECURSO(id_atuacao, recurso, qtd) VALUES (10, 'MADEIRA', 959400);
INSERT INTO GERA_RECURSO(id_atuacao, recurso, qtd) VALUES (13, 'COMIDA', 1038876);
INSERT INTO GERA_RECURSO(id_atuacao, recurso, qtd) VALUES (14, 'PEDRA', 828490);
INSERT INTO GERA_RECURSO(id_atuacao, recurso, qtd) VALUES (15, 'MADEIRA', 84381);
INSERT INTO GERA_RECURSO(id_atuacao, recurso, qtd) VALUES (18, 'COMIDA', 327656);
INSERT INTO GERA_RECURSO(id_atuacao, recurso, qtd) VALUES (19, 'PEDRA', 252850);
INSERT INTO GERA_RECURSO(id_atuacao, recurso, qtd) VALUES (20, 'MADEIRA', 783311);
INSERT INTO GERA_RECURSO(id_atuacao, recurso, qtd) VALUES (23, 'COMIDA', 1631238);
INSERT INTO GERA_RECURSO(id_atuacao, recurso, qtd) VALUES (24, 'PEDRA', 1192938);
INSERT INTO GERA_RECURSO(id_atuacao, recurso, qtd) VALUES (25, 'MADEIRA', 105138);
INSERT INTO GERA_RECURSO(id_atuacao, recurso, qtd) VALUES (28, 'COMIDA', 691828);
INSERT INTO GERA_RECURSO(id_atuacao, recurso, qtd) VALUES (29, 'PEDRA', 1728312);
INSERT INTO GERA_RECURSO(id_atuacao, recurso, qtd) VALUES (30, 'MADEIRA', 863981);
INSERT INTO GERA_RECURSO(id_atuacao, recurso, qtd) VALUES (33, 'COMIDA', 543548);
INSERT INTO GERA_RECURSO(id_atuacao, recurso, qtd) VALUES (34, 'PEDRA', 546018);
INSERT INTO GERA_RECURSO(id_atuacao, recurso, qtd) VALUES (35, 'MADEIRA', 1568386);
INSERT INTO GERA_RECURSO(id_atuacao, recurso, qtd) VALUES (38, 'COMIDA', 1837620);
INSERT INTO GERA_RECURSO(id_atuacao, recurso, qtd) VALUES (39, 'PEDRA', 492274);
INSERT INTO GERA_RECURSO(id_atuacao, recurso, qtd) VALUES (40, 'MADEIRA', 449058);
INSERT INTO GERA_RECURSO(id_atuacao, recurso, qtd) VALUES (43, 'COMIDA', 1900537);
INSERT INTO GERA_RECURSO(id_atuacao, recurso, qtd) VALUES (44, 'PEDRA', 890304);
INSERT INTO GERA_RECURSO(id_atuacao, recurso, qtd) VALUES (45, 'MADEIRA', 1136230);
INSERT INTO GERA_RECURSO(id_atuacao, recurso, qtd) VALUES (48, 'COMIDA', 674878);
INSERT INTO GERA_RECURSO(id_atuacao, recurso, qtd) VALUES (49, 'PEDRA', 1702854);
INSERT INTO GERA_RECURSO(id_atuacao, recurso, qtd) VALUES (50, 'MADEIRA', 1734405);
INSERT INTO GERA_RECURSO(id_atuacao, recurso, qtd) VALUES (53, 'COMIDA', 1782389);
INSERT INTO GERA_RECURSO(id_atuacao, recurso, qtd) VALUES (54, 'PEDRA', 234223);
INSERT INTO GERA_RECURSO(id_atuacao, recurso, qtd) VALUES (55, 'MADEIRA', 580543);
INSERT INTO GERA_RECURSO(id_atuacao, recurso, qtd) VALUES (58, 'COMIDA', 1060402);
INSERT INTO GERA_RECURSO(id_atuacao, recurso, qtd) VALUES (59, 'PEDRA', 390225);
INSERT INTO GERA_RECURSO(id_atuacao, recurso, qtd) VALUES (60, 'MADEIRA', 1511414);


-- [17] BATALHA
INSERT INTO BATALHA(imperio, planeta_atacante, turno_inicial, planeta_defensor, turno_batalha, planeta_vencedor, poderio_atacante, poderio_defensor, violencia) VALUES ('MONGOL', 'VILTRUM', 0, 'TERRA', 2, 'VILTRUM', 600, 400, 0.5);
INSERT INTO BATALHA(imperio, planeta_atacante, turno_inicial, planeta_defensor, turno_batalha, planeta_vencedor, poderio_atacante, poderio_defensor, violencia) VALUES ('ROMANO', 'KRYPTON', 0, 'TRANTOR', 2, 'KRYPTON', 500, 350, 1.5);
INSERT INTO BATALHA(imperio, planeta_atacante, turno_inicial, planeta_defensor, turno_batalha, planeta_vencedor, poderio_atacante, poderio_defensor, violencia) VALUES ('ROMANO', 'TRANTOR', 3, 'TATOOINE', 4, 'TRANTOR', 630, 183, 1.3);
INSERT INTO BATALHA(imperio, planeta_atacante, turno_inicial, planeta_defensor, turno_batalha, planeta_vencedor, poderio_atacante, poderio_defensor, violencia) VALUES ('MONGOL', 'TERRA', 3, 'VULCAN', 4, 'TERRA', 528, 482, 0.7);
INSERT INTO BATALHA(imperio, planeta_atacante, turno_inicial, planeta_defensor, turno_batalha, planeta_vencedor, poderio_atacante, poderio_defensor, violencia) VALUES ('ROMANO', 'TRANTOR', 3, 'ARRAKIS', 5, 'TRANTOR', 750, 578, 1.9);
INSERT INTO BATALHA(imperio, planeta_atacante, turno_inicial, planeta_defensor, turno_batalha, planeta_vencedor, poderio_atacante, poderio_defensor, violencia) VALUES ('MONGOL', 'TERRA', 3, 'PANDORA', 5, 'TERRA', 721, 650, 1.6);
INSERT INTO BATALHA(imperio, planeta_atacante, turno_inicial, planeta_defensor, turno_batalha, planeta_vencedor, poderio_atacante, poderio_defensor, violencia) VALUES ('MONGOL', 'TERRA', 3, 'TATOOINE', 6, 'TATOOINE', 500, 600, 1.55);
INSERT INTO BATALHA(imperio, planeta_atacante, turno_inicial, planeta_defensor, turno_batalha, planeta_vencedor, poderio_atacante, poderio_defensor, violencia) VALUES ('ROMANO', 'TRANTOR', 3, 'VULCAN', 6, 'TRANTOR', 800, 700, 1.3);


-- [18] POVO_MORTO_BATALHA
INSERT INTO POVO_MORTO_BATALHA(id_batalha, planeta, especie, tipo, turno , qtd) VALUES (1, 'VILTRUM', 'VILTRUMITA', 'MILITAR', 2, 100000000);
INSERT INTO POVO_MORTO_BATALHA(id_batalha, planeta, especie, tipo, turno , qtd) VALUES (1, 'TERRA', 'HUMANO', 'CIVIL', 2, 600000000);
INSERT INTO POVO_MORTO_BATALHA(id_batalha, planeta, especie, tipo, turno , qtd) VALUES (1, 'TERRA', 'HUMANO', 'CIENTISTA', 2, 600000000);
INSERT INTO POVO_MORTO_BATALHA(id_batalha, planeta, especie, tipo, turno , qtd) VALUES (1, 'TERRA', 'HUMANO', 'MILITAR', 2, 750000000);
INSERT INTO POVO_MORTO_BATALHA(id_batalha, planeta, especie, tipo, turno , qtd) VALUES (2, 'KRYPTON', 'KRYPTONIANS', 'MILITAR', 2, 500000);
INSERT INTO POVO_MORTO_BATALHA(id_batalha, planeta, especie, tipo, turno , qtd) VALUES (2, 'TRANTOR', 'SKRULLS', 'CIVIL', 2, 1580000000);
INSERT INTO POVO_MORTO_BATALHA(id_batalha, planeta, especie, tipo, turno , qtd) VALUES (2, 'TRANTOR', 'SKRULLS', 'CIENTISTA', 2, 526400000);
INSERT INTO POVO_MORTO_BATALHA(id_batalha, planeta, especie, tipo, turno , qtd) VALUES (2, 'TRANTOR', 'SKRULLS', 'MILITAR', 2, 1653600000);
INSERT INTO POVO_MORTO_BATALHA(id_batalha, planeta, especie, tipo, turno , qtd) VALUES (7, 'TATOOINE', 'KLINGONS', 'MILITAR', 6, 1002803);
INSERT INTO POVO_MORTO_BATALHA(id_batalha, planeta, especie, tipo, turno , qtd) VALUES (7, 'TERRA', 'HUMANO', 'MILITAR', 6, 4000000);
INSERT INTO POVO_MORTO_BATALHA(id_batalha, planeta, especie, tipo, turno , qtd) VALUES (7, 'TERRA', 'HUMANO', 'CIVIL', 6, 3000000);
INSERT INTO POVO_MORTO_BATALHA(id_batalha, planeta, especie, tipo, turno , qtd) VALUES (7, 'TERRA', 'HUMANO', 'CIENTISTA', 6, 200000);


-- [19] ESTOQUE_GASTO_BATALHA
INSERT INTO ESTOQUE_GASTO_BATALHA(id_batalha, planeta, recurso, turno , qtd) VALUES (1, 'VILTRUM', 'COMIDA', 2, 96850);
INSERT INTO ESTOQUE_GASTO_BATALHA(id_batalha, planeta, recurso, turno , qtd) VALUES (1, 'VILTRUM', 'MADEIRA', 2, 2000);
INSERT INTO ESTOQUE_GASTO_BATALHA(id_batalha, planeta, recurso, turno , qtd) VALUES (1, 'VILTRUM', 'PEDRA', 2, 2523);
INSERT INTO ESTOQUE_GASTO_BATALHA(id_batalha, planeta, recurso, turno , qtd) VALUES (1, 'VILTRUM', 'MINERIO', 2, 1091);
INSERT INTO ESTOQUE_GASTO_BATALHA(id_batalha, planeta, recurso, turno , qtd) VALUES (1, 'VILTRUM', 'CHIP', 2, 3438);
INSERT INTO ESTOQUE_GASTO_BATALHA(id_batalha, planeta, recurso, turno , qtd) VALUES (1, 'VILTRUM', 'NAVE', 2, 4836);
INSERT INTO ESTOQUE_GASTO_BATALHA(id_batalha, planeta, recurso, turno , qtd) VALUES (1, 'VILTRUM', 'ARMA', 2, 9796);
INSERT INTO ESTOQUE_GASTO_BATALHA(id_batalha, planeta, recurso, turno , qtd) VALUES (1, 'VILTRUM', 'GERADOR', 2, 6586);
INSERT INTO ESTOQUE_GASTO_BATALHA(id_batalha, planeta, recurso, turno , qtd) VALUES (1, 'TERRA', 'COMIDA', 2, 1079);
INSERT INTO ESTOQUE_GASTO_BATALHA(id_batalha, planeta, recurso, turno , qtd) VALUES (1, 'TERRA', 'MADEIRA', 2, 3675);
INSERT INTO ESTOQUE_GASTO_BATALHA(id_batalha, planeta, recurso, turno , qtd) VALUES (1, 'TERRA', 'PEDRA', 2, 6321);
INSERT INTO ESTOQUE_GASTO_BATALHA(id_batalha, planeta, recurso, turno , qtd) VALUES (1, 'TERRA', 'MINERIO', 2, 3208);
INSERT INTO ESTOQUE_GASTO_BATALHA(id_batalha, planeta, recurso, turno , qtd) VALUES (1, 'TERRA', 'CHIP', 2, 9388);
INSERT INTO ESTOQUE_GASTO_BATALHA(id_batalha, planeta, recurso, turno , qtd) VALUES (1, 'TERRA', 'NAVE', 2, 1951);
INSERT INTO ESTOQUE_GASTO_BATALHA(id_batalha, planeta, recurso, turno , qtd) VALUES (1, 'TERRA', 'ARMA', 2, 4342);
INSERT INTO ESTOQUE_GASTO_BATALHA(id_batalha, planeta, recurso, turno , qtd) VALUES (2, 'TERRA', 'GERADOR', 2, 3862);
INSERT INTO ESTOQUE_GASTO_BATALHA(id_batalha, planeta, recurso, turno , qtd) VALUES (2, 'KRYPTON', 'COMIDA', 2, 5118);
INSERT INTO ESTOQUE_GASTO_BATALHA(id_batalha, planeta, recurso, turno , qtd) VALUES (2, 'KRYPTON', 'MADEIRA', 2, 1937);
INSERT INTO ESTOQUE_GASTO_BATALHA(id_batalha, planeta, recurso, turno , qtd) VALUES (2, 'KRYPTON', 'PEDRA', 2, 1580);
INSERT INTO ESTOQUE_GASTO_BATALHA(id_batalha, planeta, recurso, turno , qtd) VALUES (2, 'KRYPTON', 'MINERIO', 2, 1347);
INSERT INTO ESTOQUE_GASTO_BATALHA(id_batalha, planeta, recurso, turno , qtd) VALUES (2, 'KRYPTON', 'CHIP', 2, 9718);
INSERT INTO ESTOQUE_GASTO_BATALHA(id_batalha, planeta, recurso, turno , qtd) VALUES (2, 'KRYPTON', 'NAVE', 2, 1851);
INSERT INTO ESTOQUE_GASTO_BATALHA(id_batalha, planeta, recurso, turno , qtd) VALUES (2, 'KRYPTON', 'ARMA', 2, 199);
INSERT INTO ESTOQUE_GASTO_BATALHA(id_batalha, planeta, recurso, turno , qtd) VALUES (2, 'KRYPTON', 'GERADOR', 2, 4452);
INSERT INTO ESTOQUE_GASTO_BATALHA(id_batalha, planeta, recurso, turno , qtd) VALUES (2, 'TRANTOR', 'COMIDA', 2, 2837);
INSERT INTO ESTOQUE_GASTO_BATALHA(id_batalha, planeta, recurso, turno , qtd) VALUES (2, 'TRANTOR', 'MADEIRA', 2, 356);
INSERT INTO ESTOQUE_GASTO_BATALHA(id_batalha, planeta, recurso, turno , qtd) VALUES (2, 'TRANTOR', 'PEDRA', 2, 6655);
INSERT INTO ESTOQUE_GASTO_BATALHA(id_batalha, planeta, recurso, turno , qtd) VALUES (2, 'TRANTOR', 'MINERIO', 2, 6377);
INSERT INTO ESTOQUE_GASTO_BATALHA(id_batalha, planeta, recurso, turno , qtd) VALUES (2, 'TRANTOR', 'CHIP', 2, 6422);
INSERT INTO ESTOQUE_GASTO_BATALHA(id_batalha, planeta, recurso, turno , qtd) VALUES (2, 'TRANTOR', 'NAVE', 2, 6577);
INSERT INTO ESTOQUE_GASTO_BATALHA(id_batalha, planeta, recurso, turno , qtd) VALUES (2, 'TRANTOR', 'ARMA', 2, 7704);
INSERT INTO ESTOQUE_GASTO_BATALHA(id_batalha, planeta, recurso, turno , qtd) VALUES (2, 'TRANTOR', 'GERADOR', 2, 3758);
INSERT INTO ESTOQUE_GASTO_BATALHA(id_batalha, planeta, recurso, turno , qtd) VALUES (7, 'TATOOINE', 'COMIDA', 6, 7882);
INSERT INTO ESTOQUE_GASTO_BATALHA(id_batalha, planeta, recurso, turno , qtd) VALUES (7, 'TATOOINE', 'MADEIRA', 6, 9417);
INSERT INTO ESTOQUE_GASTO_BATALHA(id_batalha, planeta, recurso, turno , qtd) VALUES (7, 'TATOOINE', 'PEDRA', 6, 378);
INSERT INTO ESTOQUE_GASTO_BATALHA(id_batalha, planeta, recurso, turno , qtd) VALUES (7, 'TATOOINE', 'MINERIO', 6, 7170);
INSERT INTO ESTOQUE_GASTO_BATALHA(id_batalha, planeta, recurso, turno , qtd) VALUES (7, 'TATOOINE', 'CHIP', 6, 1738);
INSERT INTO ESTOQUE_GASTO_BATALHA(id_batalha, planeta, recurso, turno , qtd) VALUES (7, 'TATOOINE', 'NAVE', 6, 2054);
INSERT INTO ESTOQUE_GASTO_BATALHA(id_batalha, planeta, recurso, turno , qtd) VALUES (7, 'TATOOINE', 'ARMA', 6, 5358);
INSERT INTO ESTOQUE_GASTO_BATALHA(id_batalha, planeta, recurso, turno , qtd) VALUES (7, 'TATOOINE', 'GERADOR', 6, 8185);
INSERT INTO ESTOQUE_GASTO_BATALHA(id_batalha, planeta, recurso, turno , qtd) VALUES (7, 'TERRA', 'COMIDA', 6, 3994);
INSERT INTO ESTOQUE_GASTO_BATALHA(id_batalha, planeta, recurso, turno , qtd) VALUES (7, 'TERRA', 'MADEIRA', 6, 6284);
INSERT INTO ESTOQUE_GASTO_BATALHA(id_batalha, planeta, recurso, turno , qtd) VALUES (7, 'TERRA', 'PEDRA', 6, 3849);
INSERT INTO ESTOQUE_GASTO_BATALHA(id_batalha, planeta, recurso, turno , qtd) VALUES (7, 'TERRA', 'MINERIO', 6, 3817);
INSERT INTO ESTOQUE_GASTO_BATALHA(id_batalha, planeta, recurso, turno , qtd) VALUES (7, 'TERRA', 'CHIP', 6, 2419);
INSERT INTO ESTOQUE_GASTO_BATALHA(id_batalha, planeta, recurso, turno , qtd) VALUES (7, 'TERRA', 'NAVE', 6, 6571);
INSERT INTO ESTOQUE_GASTO_BATALHA(id_batalha, planeta, recurso, turno , qtd) VALUES (7, 'TERRA', 'ARMA', 6, 7792);
INSERT INTO ESTOQUE_GASTO_BATALHA(id_batalha, planeta, recurso, turno , qtd) VALUES (7, 'TERRA', 'GERADOR', 6, 6492);


-- [20] PRIORIDADE_PRODUCAO
INSERT INTO PRIORIDADE_PRODUCAO(planeta, recurso, turno, ordem) VALUES ('KRYPTON', 'COMIDA', 0, 1);
INSERT INTO PRIORIDADE_PRODUCAO(planeta, recurso, turno, ordem) VALUES ('KRYPTON', 'MADEIRA', 0, 2);
INSERT INTO PRIORIDADE_PRODUCAO(planeta, recurso, turno, ordem) VALUES ('KRYPTON', 'PEDRA', 0, 3);
INSERT INTO PRIORIDADE_PRODUCAO(planeta, recurso, turno, ordem) VALUES ('KRYPTON', 'MINERIO', 0, 4);
INSERT INTO PRIORIDADE_PRODUCAO(planeta, recurso, turno, ordem) VALUES ('KRYPTON', 'CHIP', 0, 8);
INSERT INTO PRIORIDADE_PRODUCAO(planeta, recurso, turno, ordem) VALUES ('KRYPTON', 'NAVE', 0, 5);
INSERT INTO PRIORIDADE_PRODUCAO(planeta, recurso, turno, ordem) VALUES ('KRYPTON', 'ARMA', 0, 6);
INSERT INTO PRIORIDADE_PRODUCAO(planeta, recurso, turno, ordem) VALUES ('KRYPTON', 'GERADOR', 0, 7);
INSERT INTO PRIORIDADE_PRODUCAO(planeta, recurso, turno, ordem) VALUES ('KRYPTON', 'COMIDA', 1, 3);
INSERT INTO PRIORIDADE_PRODUCAO(planeta, recurso, turno, ordem) VALUES ('KRYPTON', 'MADEIRA', 1, 4);
INSERT INTO PRIORIDADE_PRODUCAO(planeta, recurso, turno, ordem) VALUES ('KRYPTON', 'PEDRA', 1, 5);
INSERT INTO PRIORIDADE_PRODUCAO(planeta, recurso, turno, ordem) VALUES ('KRYPTON', 'MINERIO', 1, 6);
INSERT INTO PRIORIDADE_PRODUCAO(planeta, recurso, turno, ordem) VALUES ('KRYPTON', 'CHIP', 1, 8);
INSERT INTO PRIORIDADE_PRODUCAO(planeta, recurso, turno, ordem) VALUES ('KRYPTON', 'NAVE', 1, 2);
INSERT INTO PRIORIDADE_PRODUCAO(planeta, recurso, turno, ordem) VALUES ('KRYPTON', 'ARMA', 1, 1);
INSERT INTO PRIORIDADE_PRODUCAO(planeta, recurso, turno, ordem) VALUES ('KRYPTON', 'GERADOR', 1, 7);
INSERT INTO PRIORIDADE_PRODUCAO(planeta, recurso, turno, ordem) VALUES ('VILTRUM', 'COMIDA', 0, 1);
INSERT INTO PRIORIDADE_PRODUCAO(planeta, recurso, turno, ordem) VALUES ('VILTRUM', 'MADEIRA', 0, 3);
INSERT INTO PRIORIDADE_PRODUCAO(planeta, recurso, turno, ordem) VALUES ('VILTRUM', 'PEDRA', 0, 2);
INSERT INTO PRIORIDADE_PRODUCAO(planeta, recurso, turno, ordem) VALUES ('VILTRUM', 'MINERIO', 0, 4);
INSERT INTO PRIORIDADE_PRODUCAO(planeta, recurso, turno, ordem) VALUES ('VILTRUM', 'CHIP', 0, 8);
INSERT INTO PRIORIDADE_PRODUCAO(planeta, recurso, turno, ordem) VALUES ('VILTRUM', 'NAVE', 0, 5);
INSERT INTO PRIORIDADE_PRODUCAO(planeta, recurso, turno, ordem) VALUES ('VILTRUM', 'ARMA', 0, 6);
INSERT INTO PRIORIDADE_PRODUCAO(planeta, recurso, turno, ordem) VALUES ('VILTRUM', 'GERADOR', 0, 7);
INSERT INTO PRIORIDADE_PRODUCAO(planeta, recurso, turno, ordem) VALUES ('VILTRUM', 'COMIDA', 1, 3);
INSERT INTO PRIORIDADE_PRODUCAO(planeta, recurso, turno, ordem) VALUES ('VILTRUM', 'MADEIRA', 1, 5);
INSERT INTO PRIORIDADE_PRODUCAO(planeta, recurso, turno, ordem) VALUES ('VILTRUM', 'PEDRA', 1, 4);
INSERT INTO PRIORIDADE_PRODUCAO(planeta, recurso, turno, ordem) VALUES ('VILTRUM', 'MINERIO', 1, 6);
INSERT INTO PRIORIDADE_PRODUCAO(planeta, recurso, turno, ordem) VALUES ('VILTRUM', 'CHIP', 1, 8);
INSERT INTO PRIORIDADE_PRODUCAO(planeta, recurso, turno, ordem) VALUES ('VILTRUM', 'NAVE', 1, 1);
INSERT INTO PRIORIDADE_PRODUCAO(planeta, recurso, turno, ordem) VALUES ('VILTRUM', 'ARMA', 1, 2);
INSERT INTO PRIORIDADE_PRODUCAO(planeta, recurso, turno, ordem) VALUES ('VILTRUM', 'GERADOR', 1, 7);


-- [21] CONHECIMENTO
INSERT INTO CONHECIMENTO(planeta, especie, tipo, turno, nome, nivel) VALUES ('ARRAKIS', 'FREMEN', 'CIENTISTA', 0, 'MANUFATURA', 1);
INSERT INTO CONHECIMENTO(planeta, especie, tipo, turno, nome, nivel) VALUES ('ARRAKIS', 'FREMEN', 'CIENTISTA', 7, 'MANUFATURA', 2);
INSERT INTO CONHECIMENTO(planeta, especie, tipo, turno, nome, nivel) VALUES ('KRYPTON', 'KRYPTONIANS', 'CIENTISTA', 0, 'ARMAMENTO', 2);
INSERT INTO CONHECIMENTO(planeta, especie, tipo, turno, nome, nivel) VALUES ('KRYPTON', 'KRYPTONIANS', 'CIENTISTA', 7, 'ARMAMENTO', 3);
INSERT INTO CONHECIMENTO(planeta, especie, tipo, turno, nome, nivel) VALUES ('PANDORA', 'NAVI', 'CIENTISTA', 0, 'TRANSPORTE', 1);
INSERT INTO CONHECIMENTO(planeta, especie, tipo, turno, nome, nivel) VALUES ('PANDORA', 'NAVI', 'CIENTISTA', 7, 'TRANSPORTE', 3);
INSERT INTO CONHECIMENTO(planeta, especie, tipo, turno, nome, nivel) VALUES ('TATOOINE', 'KLINGONS', 'CIENTISTA', 0, 'MANUFATURA', 1);
INSERT INTO CONHECIMENTO(planeta, especie, tipo, turno, nome, nivel) VALUES ('TATOOINE', 'KLINGONS', 'CIENTISTA', 7, 'MANUFATURA', 2);
INSERT INTO CONHECIMENTO(planeta, especie, tipo, turno, nome, nivel) VALUES ('TERRA', 'HUMANO', 'CIENTISTA', 0, 'ARMAMENTO', 2);
INSERT INTO CONHECIMENTO(planeta, especie, tipo, turno, nome, nivel) VALUES ('TERRA', 'HUMANO', 'CIENTISTA', 7, 'ARMAMENTO', 3);
INSERT INTO CONHECIMENTO(planeta, especie, tipo, turno, nome, nivel) VALUES ('TRANTOR', 'SKRULLS', 'CIENTISTA', 0, 'TRANSPORTE', 1);
INSERT INTO CONHECIMENTO(planeta, especie, tipo, turno, nome, nivel) VALUES ('TRANTOR', 'SKRULLS', 'CIENTISTA', 7, 'TRANSPORTE', 2);
INSERT INTO CONHECIMENTO(planeta, especie, tipo, turno, nome, nivel) VALUES ('VILTRUM', 'VILTRUMITA', 'CIENTISTA', 0, 'MANUFATURA', 1);
INSERT INTO CONHECIMENTO(planeta, especie, tipo, turno, nome, nivel) VALUES ('VILTRUM', 'VILTRUMITA', 'CIENTISTA', 7, 'MANUFATURA', 2);
INSERT INTO CONHECIMENTO(planeta, especie, tipo, turno, nome, nivel) VALUES ('VULCAN', 'VULCANS', 'CIENTISTA', 0, 'ARMAMENTO', 2);
INSERT INTO CONHECIMENTO(planeta, especie, tipo, turno, nome, nivel) VALUES ('VULCAN', 'VULCANS', 'CIENTISTA', 7, 'ARMAMENTO', 3);


-- [22] EXPLORACAO
INSERT INTO EXPLORACAO(imperio, planeta_explorador, turno_inicial, planeta_explorado, turno, incerteza, poderio_militar, atmosfera, qtd_populacao, qtd_estruturas, qtd_agua, gravidade, temperatura_kelvin, fertilidade) VALUES ('MONGOL', 'VILTRUM', 0, 'TERRA', 1, 0.36, 3000, 73, 130000000, 13, 0.56, 8.9, 210, 0.2);
INSERT INTO EXPLORACAO(imperio, planeta_explorador, turno_inicial, planeta_explorado, turno, incerteza, poderio_militar, atmosfera, qtd_populacao, qtd_estruturas, qtd_agua, gravidade, temperatura_kelvin, fertilidade) VALUES ('ROMANO', 'KRYPTON', 0, 'TRANTOR', 1, 0.26, 6500, 111, 450000000, 26, 0.045, 9.7, 266, 0.004);
INSERT INTO EXPLORACAO(imperio, planeta_explorador, turno_inicial, planeta_explorado, turno, incerteza, poderio_militar, atmosfera, qtd_populacao, qtd_estruturas, qtd_agua, gravidade, temperatura_kelvin, fertilidade) VALUES ('ROMANO', 'TRANTOR', 3, 'TATOOINE', 3, 0.32, 500, 77, 17000000, 3, 0.19, 8.4, 267, 0.012);
INSERT INTO EXPLORACAO(imperio, planeta_explorador, turno_inicial, planeta_explorado, turno, incerteza, poderio_militar, atmosfera, qtd_populacao, qtd_estruturas, qtd_agua, gravidade, temperatura_kelvin, fertilidade) VALUES ('MONGOL', 'TERRA', 3, 'VULCAN', 3, 0.49, 1000, 138, 400000000, 7, 0.13, 10.3, 350, 0.07);
INSERT INTO EXPLORACAO(imperio, planeta_explorador, turno_inicial, planeta_explorado, turno, incerteza, poderio_militar, atmosfera, qtd_populacao, qtd_estruturas, qtd_agua, gravidade, temperatura_kelvin, fertilidade) VALUES ('ROMANO', 'TRANTOR', 3, 'ARRAKIS', 4, 0.12, 700, 83, 90000000, 12, 0.011, 11.7, 313, 0.011);
INSERT INTO EXPLORACAO(imperio, planeta_explorador, turno_inicial, planeta_explorado, turno, incerteza, poderio_militar, atmosfera, qtd_populacao, qtd_estruturas, qtd_agua, gravidade, temperatura_kelvin, fertilidade) VALUES ('MONGOL', 'TERRA', 3, 'PANDORA', 4, 0.21, 300, 92, 43000000, 2, 0.59, 8.6, 273, 0.23);
INSERT INTO EXPLORACAO(imperio, planeta_explorador, turno_inicial, planeta_explorado, turno, incerteza, poderio_militar, atmosfera, qtd_populacao, qtd_estruturas, qtd_agua, gravidade, temperatura_kelvin, fertilidade) VALUES ('MONGOL', 'TERRA', 3, 'TATOOINE', 5, 0.11, 250, 86, 21000000, 8, 0.19, 8.7, 308, 0.01);
INSERT INTO EXPLORACAO(imperio, planeta_explorador, turno_inicial, planeta_explorado, turno, incerteza, poderio_militar, atmosfera, qtd_populacao, qtd_estruturas, qtd_agua, gravidade, temperatura_kelvin, fertilidade) VALUES ('ROMANO', 'TRANTOR', 3, 'VULCAN', 5, 0.01, 1000, 105, 256547753, 49, 0.1, 9.9, 300, 0.05);


-- [23] MOVE_POVO
INSERT INTO MOVE_POVO(imperio, planeta_destino, turno_inicial, planeta_origem, especie, tipo, turno, qtd, qtd_naves) VALUES ('ROMANO', 'KRYPTON', 0, 'TRANTOR', 'SKRULLS', 'CIVIL', 3, 10000, 1);
INSERT INTO MOVE_POVO(imperio, planeta_destino, turno_inicial, planeta_origem, especie, tipo, turno, qtd, qtd_naves) VALUES ('MONGOL', 'TERRA', 3, 'PANDORA', 'NAVI', 'CIVIL', 6, 300000, 15);


-- [24] MOVE_RECURSO
INSERT INTO MOVE_RECURSO(imperio, planeta_destino, turno_inicial, planeta_origem, recurso, turno, qtd, qtd_naves) VALUES ('ROMANO', 'KRYPTON', 0, 'TRANTOR', 'GERADOR', 3, 100, 5);
INSERT INTO MOVE_RECURSO(imperio, planeta_destino, turno_inicial, planeta_origem, recurso, turno, qtd, qtd_naves) VALUES ('MONGOL', 'TERRA', 3, 'PANDORA', 'COMIDA', 6, 240000, 6);